date,ticker,p945
2026-07-20,AC.TO,22.5450
2026-07-20,RY.TO,302.3400
2026-07-20,TD.TO,173.5500
2026-07-20,BNS.TO,125.0100
2026-07-20,BMO.TO,255.4700
2026-07-20,CM.TO,170.2200
2026-07-20,ENB.TO,79.6500
2026-07-20,TRP.TO,98.1100
2026-07-20,CNQ.TO,60.8300
2026-07-20,SU.TO,87.1300
2026-07-20,CVE.TO,39.1400
2026-07-20,CP.TO,131.1200
2026-07-20,CNR.TO,180.2000
2026-07-20,SHOP.TO,176.4000
2026-07-20,ABX.TO,49.0600
2026-07-20,AEM.TO,192.6500
2026-07-20,NTR.TO,93.3100
2026-07-20,MFC.TO,60.8700
2026-07-20,SLF.TO,114.8200
2026-07-20,BCE.TO,30.4900
2026-07-20,T.TO,14.5200
2026-07-21,AC.TO,22.8100
2026-07-21,RY.TO,295.4200
2026-07-21,TD.TO,169.3800
2026-07-21,BNS.TO,122.6850
2026-07-21,BMO.TO,250.7500
2026-07-21,CM.TO,165.3000
2026-07-21,ENB.TO,77.7800
2026-07-21,TRP.TO,96.1000
2026-07-21,CNQ.TO,62.8000
2026-07-21,SU.TO,88.9450
2026-07-21,CVE.TO,40.4300
2026-07-21,CP.TO,127.6900
2026-07-21,CNR.TO,176.2800
2026-07-21,SHOP.TO,171.2700
2026-07-21,ABX.TO,49.9100
2026-07-21,AEM.TO,195.3300
2026-07-21,NTR.TO,93.7400
2026-07-21,MFC.TO,60.1650
2026-07-21,SLF.TO,113.8100
2026-07-21,BCE.TO,30.4900
2026-07-21,T.TO,14.0500
2026-07-22,AC.TO,22.5450
2026-07-22,RY.TO,297.4800
2026-07-22,TD.TO,170.2600
2026-07-22,BNS.TO,123.7100
2026-07-22,BMO.TO,253.2300
2026-07-22,CM.TO,166.0800
2026-07-22,ENB.TO,78.7900
2026-07-22,TRP.TO,97.6100
2026-07-22,CNQ.TO,64.4200
2026-07-22,SU.TO,91.2800
2026-07-22,CVE.TO,41.2200
2026-07-22,CP.TO,128.9000
2026-07-22,CNR.TO,180.3000
2026-07-22,SHOP.TO,171.1300
2026-07-22,ABX.TO,52.8700
2026-07-22,AEM.TO,207.2200
2026-07-22,NTR.TO,96.7500
2026-07-22,MFC.TO,60.6350
2026-07-22,SLF.TO,114.4900
2026-07-22,BCE.TO,30.6200
2026-07-22,T.TO,14.5100
2026-07-23,AC.TO,22.6300
2026-07-23,RY.TO,293.3900
2026-07-23,TD.TO,168.3800
2026-07-23,BNS.TO,122.0800
2026-07-23,BMO.TO,249.7900
2026-07-23,CM.TO,164.3100
2026-07-23,ENB.TO,79.1000
2026-07-23,TRP.TO,97.6600
2026-07-23,CNQ.TO,65.7800
2026-07-23,SU.TO,92.7200
2026-07-23,CVE.TO,41.8200
2026-07-23,CP.TO,130.3400
2026-07-23,CNR.TO,183.9300
2026-07-23,SHOP.TO,162.7500
2026-07-23,ABX.TO,51.9500
2026-07-23,AEM.TO,202.9500
2026-07-23,NTR.TO,97.0700
2026-07-23,MFC.TO,60.3600
2026-07-23,SLF.TO,114.1600
2026-07-23,BCE.TO,30.0700
2026-07-23,T.TO,14.2700
2026-07-24,AC.TO,22.7400
2026-07-24,RY.TO,293.5900
2026-07-24,TD.TO,167.9600
2026-07-24,BNS.TO,122.5100
2026-07-24,BMO.TO,249.7400
2026-07-24,CM.TO,164.5000
2026-07-24,ENB.TO,80.0200
2026-07-24,TRP.TO,99.5000
2026-07-24,CNQ.TO,66.4200
2026-07-24,SU.TO,93.6400
2026-07-24,CVE.TO,42.0000
2026-07-24,CP.TO,129.9000
2026-07-24,CNR.TO,183.2100
2026-07-24,SHOP.TO,157.6500
2026-07-24,ABX.TO,52.5900
2026-07-24,AEM.TO,204.5000
2026-07-24,NTR.TO,96.3500
2026-07-24,MFC.TO,60.8900
2026-07-24,SLF.TO,115.4300
2026-07-24,BCE.TO,29.9100
2026-07-24,T.TO,14.2800
2026-07-27,AC.TO,24.2600
2026-07-27,RY.TO,295.3700
2026-07-27,TD.TO,169.8700
2026-07-27,BNS.TO,123.3400
2026-07-27,BMO.TO,252.5400
2026-07-27,CM.TO,167.4400
2026-07-27,ENB.TO,79.2800
2026-07-27,TRP.TO,98.1100
2026-07-27,CNQ.TO,64.2000
2026-07-27,SU.TO,90.8800
2026-07-27,CVE.TO,40.2000
2026-07-27,CP.TO,130.2600
2026-07-27,CNR.TO,182.8700
2026-07-27,SHOP.TO,171.5000
2026-07-27,ABX.TO,52.8300
2026-07-27,AEM.TO,207.2100
2026-07-27,NTR.TO,94.3500
2026-07-27,MFC.TO,61.9700
2026-07-27,SLF.TO,116.5800
2026-07-27,BCE.TO,30.2000
2026-07-27,T.TO,14.5900
2026-07-28,AC.TO,24.8700
2026-07-28,RY.TO,293.2500
2026-07-28,TD.TO,167.4000
2026-07-28,BNS.TO,121.9400
2026-07-28,BMO.TO,249.8700
2026-07-28,CM.TO,164.9400
2026-07-28,ENB.TO,78.3500
2026-07-28,TRP.TO,96.1900
2026-07-28,CNQ.TO,63.2200
2026-07-28,SU.TO,90.3000
2026-07-28,CVE.TO,39.3900
2026-07-28,CP.TO,129.2900
2026-07-28,CNR.TO,182.5400
2026-07-28,SHOP.TO,181.4500
2026-07-28,ABX.TO,51.2400
2026-07-28,AEM.TO,200.3100
2026-07-28,NTR.TO,96.3700
2026-07-28,MFC.TO,61.9500
2026-07-28,SLF.TO,117.5300
2026-07-28,BCE.TO,30.5800
2026-07-28,T.TO,14.9500
2026-07-29,AC.TO,25.3000
2026-07-29,RY.TO,296.6700
2026-07-29,TD.TO,167.8700
2026-07-29,BNS.TO,123.3250
2026-07-29,BMO.TO,251.8200
2026-07-29,CM.TO,167.4000
2026-07-29,ENB.TO,78.3600
2026-07-29,TRP.TO,95.7700
2026-07-29,CNQ.TO,64.1800
2026-07-29,SU.TO,92.0900
2026-07-29,CVE.TO,40.9000
2026-07-29,CP.TO,128.3850
2026-07-29,CNR.TO,182.0500
2026-07-29,SHOP.TO,183.4200
2026-07-29,ABX.TO,50.8100
2026-07-29,AEM.TO,200.0800
2026-07-29,NTR.TO,98.3800
2026-07-29,MFC.TO,62.4000
2026-07-29,SLF.TO,117.1800
2026-07-29,BCE.TO,30.9100
2026-07-29,T.TO,15.1900
2026-07-30,AC.TO,25.7000
2026-07-30,RY.TO,293.1900
2026-07-30,TD.TO,166.2000
2026-07-30,BNS.TO,122.3500
2026-07-30,BMO.TO,248.5500
2026-07-30,CM.TO,165.5600
2026-07-30,ENB.TO,77.4700
2026-07-30,TRP.TO,95.6300
2026-07-30,CNQ.TO,64.8100
2026-07-30,SU.TO,91.7500
2026-07-30,CVE.TO,40.9200
2026-07-30,CP.TO,127.7100
2026-07-30,CNR.TO,181.4500
2026-07-30,SHOP.TO,175.7700
2026-07-30,ABX.TO,51.5600
2026-07-30,AEM.TO,205.6500
2026-07-30,NTR.TO,98.1200
2026-07-30,MFC.TO,62.3600
2026-07-30,SLF.TO,116.3900
2026-07-30,BCE.TO,30.9900
2026-07-30,T.TO,15.4500
2026-07-31,AC.TO,26.0000
2026-07-31,RY.TO,295.6100
2026-07-31,TD.TO,168.6500
2026-07-31,BNS.TO,123.6300
2026-07-31,BMO.TO,251.7800
2026-07-31,CM.TO,166.9200
2026-07-31,ENB.TO,77.3400
2026-07-31,TRP.TO,95.2150
2026-07-31,CNQ.TO,66.7700
2026-07-31,SU.TO,94.0900
2026-07-31,CVE.TO,42.4950
2026-07-31,CP.TO,124.2000
2026-07-31,CNR.TO,179.2300
2026-07-31,SHOP.TO,170.2800
2026-07-31,ABX.TO,51.5500
2026-07-31,AEM.TO,203.7000
2026-07-31,NTR.TO,97.8200
2026-07-31,MFC.TO,62.9000
2026-07-31,SLF.TO,116.8600
2026-07-31,BCE.TO,30.0800
2026-07-31,T.TO,13.0200
2026-08-04,AC.TO,26.6000
2026-08-04,RY.TO,295.5700
2026-08-04,TD.TO,170.2500
2026-08-04,BNS.TO,123.7000
2026-08-04,BMO.TO,254.1600
2026-08-04,CM.TO,167.9300
2026-08-04,ENB.TO,75.0600
2026-08-04,TRP.TO,92.0400
2026-08-04,CNQ.TO,64.1800
2026-08-04,SU.TO,89.9900
2026-08-04,CVE.TO,40.3200
2026-08-04,CP.TO,125.4300
2026-08-04,CNR.TO,176.2900
2026-08-04,SHOP.TO,167.8500
2026-08-04,ABX.TO,53.9100
2026-08-04,AEM.TO,214.8200
2026-08-04,NTR.TO,92.2000
2026-08-04,MFC.TO,62.3800
2026-08-04,SLF.TO,115.6500
2026-08-04,BCE.TO,30.4500
2026-08-04,T.TO,13.0900
2026-08-05,AC.TO,26.4300
2026-08-05,RY.TO,297.1500
2026-08-05,TD.TO,170.2500
2026-08-05,BNS.TO,123.8600
2026-08-05,BMO.TO,255.4200
2026-08-05,CM.TO,166.7400
2026-08-05,ENB.TO,74.0800
2026-08-05,TRP.TO,90.9000
2026-08-05,CNQ.TO,64.7600
2026-08-05,SU.TO,90.5100
2026-08-05,CVE.TO,40.2000
2026-08-05,CP.TO,127.5400
2026-08-05,CNR.TO,178.5700
2026-08-05,SHOP.TO,204.7500
2026-08-05,ABX.TO,56.5000
2026-08-05,AEM.TO,225.6000
2026-08-05,NTR.TO,94.3300
2026-08-05,MFC.TO,62.3100
2026-08-05,SLF.TO,115.3000
2026-08-05,BCE.TO,30.7850
2026-08-05,T.TO,13.2800
2026-08-06,AC.TO,26.2400
2026-08-06,RY.TO,297.0000
2026-08-06,TD.TO,170.2200
2026-08-06,BNS.TO,124.3950
2026-08-06,BMO.TO,254.8600
2026-08-06,CM.TO,167.3000
2026-08-06,ENB.TO,72.9450
2026-08-06,TRP.TO,90.1900
2026-08-06,CNQ.TO,63.7500
2026-08-06,SU.TO,86.1000
2026-08-06,CVE.TO,39.2600
2026-08-06,CP.TO,127.2700
2026-08-06,CNR.TO,177.5100
2026-08-06,SHOP.TO,202.5900
2026-08-06,ABX.TO,57.6600
2026-08-06,AEM.TO,231.9800
2026-08-06,NTR.TO,92.2100
2026-08-06,MFC.TO,62.3400
2026-08-06,SLF.TO,115.1300
2026-08-06,BCE.TO,31.4800
2026-08-07,AC.TO,26.3100
2026-08-07,RY.TO,295.3500
2026-08-07,TD.TO,169.2800
2026-08-07,BNS.TO,123.6950
2026-08-07,BMO.TO,253.2900
2026-08-07,CM.TO,166.1300
2026-08-07,ENB.TO,71.5200
2026-08-07,TRP.TO,88.2900
2026-08-07,CNQ.TO,62.6900
2026-08-07,SU.TO,84.1000
2026-08-07,CVE.TO,38.8500
2026-08-07,CP.TO,126.5500
2026-08-07,CNR.TO,176.6000
2026-08-07,SHOP.TO,206.0000
2026-08-07,ABX.TO,61.2000
2026-08-07,AEM.TO,251.4500
2026-08-07,NTR.TO,90.8700
2026-08-07,MFC.TO,62.3400
2026-08-07,SLF.TO,112.3900
2026-08-07,BCE.TO,31.5200
2026-08-07,T.TO,13.7200
2026-08-10,AC.TO,25.7200
2026-08-10,RY.TO,295.4300
2026-08-10,TD.TO,169.3300
2026-08-10,BNS.TO,123.8000
2026-08-10,BMO.TO,253.5400
2026-08-10,CM.TO,165.9100
2026-08-10,ENB.TO,71.7000
2026-08-10,TRP.TO,88.4700
2026-08-10,CNQ.TO,65.3700
2026-08-10,SU.TO,86.6000
2026-08-10,CVE.TO,40.6800
2026-08-10,CP.TO,128.1800
2026-08-10,CNR.TO,177.2700
2026-08-10,SHOP.TO,215.0000
2026-08-10,ABX.TO,55.3900
2026-08-10,AEM.TO,245.6100
2026-08-10,NTR.TO,90.7400
2026-08-10,MFC.TO,62.0300
2026-08-10,SLF.TO,114.9800
2026-08-10,BCE.TO,31.5100
2026-08-10,T.TO,13.3300
2026-08-11,AC.TO,26.5000
2026-08-11,RY.TO,296.2800
2026-08-11,TD.TO,170.3900
2026-08-11,BNS.TO,124.4900
2026-08-11,BMO.TO,255.5600
2026-08-11,CM.TO,167.7250
2026-08-11,ENB.TO,72.3450
2026-08-11,TRP.TO,89.5300
2026-08-11,CNQ.TO,65.7500
2026-08-11,SU.TO,87.6000
2026-08-11,CVE.TO,41.3200
2026-08-11,CP.TO,127.4800
2026-08-11,CNR.TO,175.5200
2026-08-11,SHOP.TO,212.3500
2026-08-11,ABX.TO,56.6900
2026-08-11,AEM.TO,254.8900
2026-08-11,NTR.TO,93.6800
2026-08-11,MFC.TO,61.5300
2026-08-11,SLF.TO,114.5000
2026-08-11,BCE.TO,32.2900
2026-08-11,T.TO,13.4050
2026-08-12,RY.TO,294.8300
2026-08-12,TD.TO,170.5900
2026-08-12,BNS.TO,124.8000
2026-08-12,BMO.TO,254.2700
2026-08-12,CM.TO,167.2400
2026-08-12,ENB.TO,71.7500
2026-08-12,TRP.TO,89.2400
2026-08-12,CNQ.TO,66.3900
2026-08-12,SU.TO,88.2200
2026-08-12,CVE.TO,41.6900
2026-08-12,CP.TO,128.2900
2026-08-12,CNR.TO,176.0800
2026-08-12,SHOP.TO,211.0100
2026-08-12,ABX.TO,56.8500
2026-08-12,AEM.TO,257.9300
2026-08-12,NTR.TO,92.8600
2026-08-12,MFC.TO,61.2200
2026-08-12,SLF.TO,112.1800
2026-08-12,BCE.TO,32.1300
2026-08-12,T.TO,13.3300
2026-08-13,AC.TO,30.3300
2026-08-13,RY.TO,299.6400
2026-08-13,TD.TO,172.9800
2026-08-13,BNS.TO,126.2600
2026-08-13,BMO.TO,256.0000
2026-08-13,CM.TO,170.1700
2026-08-13,ENB.TO,71.8700
2026-08-13,TRP.TO,88.7100
2026-08-13,CNQ.TO,66.1200
2026-08-13,SU.TO,89.5700
2026-08-13,CVE.TO,42.0600
2026-08-13,CP.TO,130.7500
2026-08-13,CNR.TO,178.3000
2026-08-13,SHOP.TO,211.0000
2026-08-13,ABX.TO,56.8600
2026-08-13,AEM.TO,253.5100
2026-08-13,NTR.TO,93.5500
2026-08-13,MFC.TO,61.7100
2026-08-13,SLF.TO,112.9950
2026-08-13,BCE.TO,32.2600
2026-08-13,T.TO,13.3500
2026-08-14,AC.TO,30.8600
2026-08-14,RY.TO,299.6900
2026-08-14,TD.TO,171.5800
2026-08-14,BNS.TO,126.3100
2026-08-14,BMO.TO,256.1300
2026-08-14,CM.TO,170.9150
2026-08-14,ENB.TO,70.5300
2026-08-14,TRP.TO,88.2100
2026-08-14,CNQ.TO,66.9100
2026-08-14,SU.TO,91.8500
2026-08-14,CVE.TO,43.3300
2026-08-14,CP.TO,130.8900
2026-08-14,CNR.TO,177.7900
2026-08-14,SHOP.TO,217.8000
2026-08-14,ABX.TO,57.7100
2026-08-14,AEM.TO,256.6300
2026-08-14,NTR.TO,94.1300
2026-08-14,MFC.TO,61.4500
2026-08-14,SLF.TO,112.6550
2026-08-14,BCE.TO,32.6600
2026-08-14,T.TO,13.4800
2026-08-17,AC.TO,29.2700
2026-08-17,RY.TO,300.5100
2026-08-17,TD.TO,172.8400
2026-08-17,BNS.TO,127.1600
2026-08-17,BMO.TO,258.1100
2026-08-17,CM.TO,171.9800
2026-08-17,ENB.TO,70.4500
2026-08-17,TRP.TO,87.8400
2026-08-17,CNQ.TO,67.0200
2026-08-17,SU.TO,91.9100
2026-08-17,CVE.TO,43.7300
2026-08-17,CP.TO,129.7500
2026-08-17,CNR.TO,175.8300
2026-08-17,SHOP.TO,208.2600
2026-08-17,ABX.TO,58.1200
2026-08-17,AEM.TO,260.4000
2026-08-17,NTR.TO,95.0000
2026-08-17,MFC.TO,61.6000
2026-08-17,SLF.TO,112.7400
2026-08-17,BCE.TO,32.6500
2026-08-17,T.TO,13.5700
2026-08-18,AC.TO,30.0400
2026-08-18,RY.TO,297.8600
2026-08-18,TD.TO,171.1600
2026-08-18,BNS.TO,125.8000
2026-08-18,BMO.TO,255.4500
2026-08-18,CM.TO,170.1150
2026-08-18,ENB.TO,71.1800
2026-08-18,TRP.TO,88.8850
2026-08-18,CNQ.TO,68.8700
2026-08-18,SU.TO,93.2500
2026-08-18,CVE.TO,44.7600
2026-08-18,CP.TO,130.6000
2026-08-18,CNR.TO,176.7400
2026-08-18,SHOP.TO,206.6600
2026-08-18,ABX.TO,58.8000
2026-08-18,AEM.TO,261.2700
2026-08-18,NTR.TO,95.9850
2026-08-18,MFC.TO,61.3600
2026-08-18,SLF.TO,111.8000
2026-08-18,BCE.TO,32.7600
2026-08-18,T.TO,13.5800
2026-08-19,AC.TO,29.6500
2026-08-19,RY.TO,294.2000
2026-08-19,TD.TO,168.5000
2026-08-19,BNS.TO,124.5300
2026-08-19,BMO.TO,250.8900
2026-08-19,CM.TO,168.1000
2026-08-19,ENB.TO,71.0100
2026-08-19,TRP.TO,88.0500
2026-08-19,CNQ.TO,69.2700
2026-08-19,SU.TO,95.3000
2026-08-19,CVE.TO,45.4900
2026-08-19,CP.TO,131.3500
2026-08-19,CNR.TO,178.1500
2026-08-19,SHOP.TO,205.3500
2026-08-19,ABX.TO,61.9800
2026-08-19,AEM.TO,278.9100
2026-08-19,NTR.TO,98.5500
2026-08-19,MFC.TO,60.6400
2026-08-19,SLF.TO,110.8900
2026-08-19,BCE.TO,32.5700
2026-08-19,T.TO,13.5700
