session,model,event_id,ticker,side,confidence,kind,window_end,entry,exit,r_pct,hit,scored_at
2026-09-29,deepseek-v4-pro,AZTR-ATR04-PH12-COHORT1-TOPLINE-2026Q4,AZTR,SHORT,0.5,topline,2026-12-31,,,,,
2026-09-29,deepseek-v4-pro,EYPT-DURAVYU-LUCIA-TOPLINE-2026Q4,EYPT,LONG,0.6,topline,2026-12-31,,,,,
2026-09-29,deepseek-v4-pro,INO-INO3107-PDUFA-2026-10-30,INO,LONG,0.55,PDUFA,2026-10-30,,,,,
2026-09-29,deepseek-v4-pro,IVVD-VYD2311-TOPLINE-2026Q3END,IVVD,SHORT,0.52,topline,2026-09-30,0.85,0.8165,3.941,1,2026-10-01T16:22:00.511209-04:00
2026-09-29,deepseek-v4-pro,TNYA-TN401-RIDGE1-INTERIM-2026Q4,TNYA,LONG,0.52,interim,2026-12-31,,,,,
2026-09-29,deepseek-v4-pro,ZURA-TIBULIZUMAB-TIBUSHIELD-TOPLINE-2026Q4,ZURA,SHORT,0.55,topline,2026-12-31,,,,,
2026-09-30,deepseek-v4-pro,AZTR-ATR04-PH12-COHORT1-TOPLINE-2026Q4,AZTR,SHORT,0.55,topline,2026-12-31,,,,,
2026-09-30,deepseek-v4-pro,EYPT-DURAVYU-LUCIA-TOPLINE-2026Q4,EYPT,SHORT,0.6,topline,2026-12-31,,,,,
2026-09-30,deepseek-v4-pro,INO-INO3107-PDUFA-2026-10-30,INO,SHORT,0.58,PDUFA,2026-10-30,,,,,
2026-09-30,deepseek-v4-pro,IVVD-VYD2311-TOPLINE-2026Q3END,IVVD,SHORT,0.62,topline,2026-09-30,0.87,0.8165,6.149,1,2026-10-01T16:22:00.511209-04:00
2026-09-30,deepseek-v4-pro,TNYA-TN401-RIDGE1-INTERIM-2026Q4,TNYA,SHORT,0.57,interim,2026-12-31,,,,,
2026-09-30,deepseek-v4-pro,ZURA-TIBULIZUMAB-TIBUSHIELD-TOPLINE-2026Q4,ZURA,SHORT,0.61,topline,2026-12-31,,,,,
2026-10-01,deepseek-v4-pro,AZTR-ATR04-PH12-COHORT1-TOPLINE-2026Q4,AZTR,SHORT,0.45,topline,2026-12-31,,,,,
2026-10-01,deepseek-v4-pro,EYPT-DURAVYU-LUCIA-TOPLINE-2026Q4,EYPT,SHORT,0.48,topline,2026-12-31,,,,,
2026-10-01,deepseek-v4-pro,INO-INO3107-PDUFA-2026-10-30,INO,LONG,0.55,PDUFA,2026-10-30,,,,,
2026-10-01,deepseek-v4-pro,TNYA-TN401-RIDGE1-INTERIM-2026Q4,TNYA,LONG,0.45,interim,2026-12-31,,,,,
2026-10-01,deepseek-v4-pro,ZURA-TIBULIZUMAB-TIBUSHIELD-TOPLINE-2026Q4,ZURA,LONG,0.48,topline,2026-12-31,,,,,
2026-10-02,deepseek-v4-pro,AIM-AMPLIGENRINTATOLIMOD-topline-2027-03-31,AIM,LONG,0.6,topline,2027-03-31,,,,,
2026-10-02,deepseek-v4-pro,AZTR-ATR04-PH12-COHORT1-TOPLINE-2026Q4,AZTR,SHORT,0.55,topline,2026-12-31,,,,,
2026-10-02,deepseek-v4-pro,EYPT-DURAVYU-LUCIA-TOPLINE-2026Q4,EYPT,LONG,0.6,topline,2026-12-31,,,,,
2026-10-02,deepseek-v4-pro,INO-INO3107-PDUFA-2026-10-30,INO,LONG,0.55,PDUFA,2026-10-30,,,,,
2026-10-02,deepseek-v4-pro,TNYA-TN401-RIDGE1-INTERIM-2026Q4,TNYA,LONG,0.55,interim,2026-12-31,,,,,
2026-10-02,deepseek-v4-pro,ZURA-TIBULIZUMAB-TIBUSHIELD-TOPLINE-2026Q4,ZURA,LONG,0.5,topline,2026-12-31,,,,,
2026-10-05,deepseek-v4-pro,AIM-AMPLIGENRINTATOLIMOD-topline-2027-03-31,AIM,SHORT,0.5,topline,2027-03-31,,,,,
2026-10-05,deepseek-v4-pro,AZTR-ATR04-PH12-COHORT1-TOPLINE-2026Q4,AZTR,SHORT,0.5,topline,2026-12-31,,,,,
2026-10-05,deepseek-v4-pro,EYPT-DURAVYU-LUCIA-TOPLINE-2026Q4,EYPT,LONG,0.55,topline,2026-12-31,,,,,
2026-10-05,deepseek-v4-pro,INO-INO3107-PDUFA-2026-10-30,INO,LONG,0.55,PDUFA,2026-10-30,,,,,
2026-10-05,deepseek-v4-pro,IVVD-VYD2311-topline-2026-10-31,IVVD,SHORT,0.5,topline,2026-10-31,,,,,
2026-10-05,deepseek-v4-pro,TNYA-TN401-RIDGE1-INTERIM-2026Q4,TNYA,LONG,0.53,interim,2026-12-31,,,,,
2026-10-05,deepseek-v4-pro,ZURA-TIBULIZUMAB-TIBUSHIELD-TOPLINE-2026Q4,ZURA,LONG,0.53,topline,2026-12-31,,,,,
2026-10-06,deepseek-v4-pro,AIM-AMPLIGENRINTATOLIMOD-topline-2027-03-31,AIM,LONG,0.56,topline,2027-03-31,,,,,
2026-10-06,deepseek-v4-pro,AUTL-AUTO8-topline-2026-12-31,AUTL,SHORT,0.55,topline,2026-12-31,,,,,
2026-10-06,deepseek-v4-pro,AUTL-OBECABTAGENEAUTOLEUCELOB-conference-2026-11-10,AUTL,LONG,0.55,conference,2026-11-10,,,,,
2026-10-06,deepseek-v4-pro,AZTR-ATR04-PH12-COHORT1-TOPLINE-2026Q4,AZTR,LONG,0.52,topline,2026-12-31,,,,,
2026-10-06,deepseek-v4-pro,BMEA-ICOVAMENIB-topline-2027-03-31,BMEA,SHORT,0.55,topline,2027-03-31,,,,,
2026-10-06,deepseek-v4-pro,CMPX-CTX10726-interim-2026-12-31,CMPX,SHORT,0.55,interim,2026-12-31,,,,,
2026-10-06,deepseek-v4-pro,CMPX-TOVECIMIG-conference-2026-10-31,CMPX,LONG,0.58,conference,2026-10-31,,,,,
2026-10-06,deepseek-v4-pro,EYPT-DURAVYU-LUCIA-TOPLINE-2026Q4,EYPT,SHORT,0.58,topline,2026-12-31,,,,,
2026-10-06,deepseek-v4-pro,KPTI-SELINEXOR-topline-2026-12-31,KPTI,LONG,0.56,topline,2026-12-31,,,,,
2026-10-06,deepseek-v4-pro,LXEO-LX2020-interim-2026-12-31,LXEO,LONG,0.55,interim,2026-12-31,,,,,
2026-10-06,deepseek-v4-pro,NMRA-NMRA511-interim-2026-12-31,NMRA,SHORT,0.55,interim,2026-12-31,,,,,
2026-10-06,deepseek-v4-pro,NMRA-NMRA898-interim-2026-12-31,NMRA,SHORT,0.55,interim,2026-12-31,,,,,
2026-10-06,deepseek-v4-pro,OCGN-OCU400-topline-2027-03-31,OCGN,SHORT,0.55,topline,2027-03-31,,,,,
2026-10-06,deepseek-v4-pro,OVID-OV329-topline-2026-12-31,OVID,LONG,0.52,topline,2026-12-31,,,,,
2026-10-06,deepseek-v4-pro,OVID-OV4071-interim-2026-12-31,OVID,LONG,0.52,interim,2026-12-31,,,,,
2026-10-06,deepseek-v4-pro,TARA-IVCHOLINECHLORIDE-interim-2026-12-31,TARA,SHORT,0.55,interim,2026-12-31,,,,,
2026-10-06,deepseek-v4-pro,TNYA-TN201-interim-2026-12-31,TNYA,LONG,0.56,interim,2026-12-31,,,,,
2026-10-06,deepseek-v4-pro,TNYA-TN401-RIDGE1-INTERIM-2026Q4,TNYA,LONG,0.58,interim,2026-12-31,,,,,
2026-10-06,deepseek-v4-pro,ZURA-TIBULIZUMAB-TIBUSHIELD-TOPLINE-2026Q4,ZURA,SHORT,0.55,topline,2026-12-31,,,,,
2026-10-07,deepseek-v4-pro,AIM-AMPLIGENRINTATOLIMOD-topline-2027-03-31,AIM,LONG,0.6,topline,2027-03-31,,,,,
2026-10-07,deepseek-v4-pro,ATYR-EFZOFITIMOD-topline-2027-03-31,ATYR,LONG,0.55,topline,2027-03-31,,,,,
2026-10-07,deepseek-v4-pro,AUTL-AUTO8-topline-2026-12-31,AUTL,LONG,0.5,topline,2026-12-31,,,,,
2026-10-07,deepseek-v4-pro,AUTL-OBECABTAGENEAUTOLEUCELOB-conference-2026-11-10,AUTL,LONG,0.5,conference,2026-11-10,,,,,
2026-10-07,deepseek-v4-pro,AZTR-ATR04-PH12-COHORT1-TOPLINE-2026Q4,AZTR,LONG,0.5,topline,2026-12-31,,,,,
2026-10-07,deepseek-v4-pro,BMEA-ICOVAMENIB-topline-2027-03-31,BMEA,LONG,0.5,topline,2027-03-31,,,,,
2026-10-07,deepseek-v4-pro,CMPX-CTX10726-interim-2026-12-31,CMPX,LONG,0.5,interim,2026-12-31,,,,,
2026-10-07,deepseek-v4-pro,CMPX-TOVECIMIG-conference-2026-10-31,CMPX,SHORT,0.6,conference,2026-10-31,,,,,
2026-10-07,deepseek-v4-pro,EYPT-DURAVYU-LUCIA-TOPLINE-2026Q4,EYPT,LONG,0.6,topline,2026-12-31,,,,,
2026-10-07,deepseek-v4-pro,INO-INO3107-PDUFA-2026-10-30,INO,SHORT,0.45,PDUFA,2026-10-30,,,,,
2026-10-07,deepseek-v4-pro,IVVD-VYD2311-topline-2026-10-31,IVVD,LONG,0.55,topline,2026-10-31,,,,,
2026-10-07,deepseek-v4-pro,KPTI-SELINEXOR-topline-2026-12-31,KPTI,SHORT,0.55,topline,2026-12-31,,,,,
2026-10-07,deepseek-v4-pro,LXEO-LX2020-interim-2026-12-31,LXEO,LONG,0.5,interim,2026-12-31,,,,,
2026-10-07,deepseek-v4-pro,OCGN-OCU400-topline-2027-03-31,OCGN,LONG,0.55,topline,2027-03-31,,,,,
2026-10-07,deepseek-v4-pro,OVID-OV329-topline-2026-12-31,OVID,LONG,0.5,topline,2026-12-31,,,,,
2026-10-07,deepseek-v4-pro,OVID-OV4071-interim-2026-12-31,OVID,LONG,0.5,interim,2026-12-31,,,,,
2026-10-07,deepseek-v4-pro,TARA-IVCHOLINECHLORIDE-interim-2026-12-31,TARA,LONG,0.55,interim,2026-12-31,,,,,
2026-10-07,deepseek-v4-pro,TNYA-TN201-interim-2026-12-31,TNYA,LONG,0.5,interim,2026-12-31,,,,,
2026-10-07,deepseek-v4-pro,TNYA-TN401-RIDGE1-INTERIM-2026Q4,TNYA,LONG,0.5,interim,2026-12-31,,,,,
2026-10-07,deepseek-v4-pro,ZURA-TIBULIZUMAB-TIBUSHIELD-TOPLINE-2026Q4,ZURA,LONG,0.55,topline,2026-12-31,,,,,
2026-10-08,deepseek-v4-pro,AIM-AMPLIGENRINTATOLIMOD-topline-2027-03-31,AIM,LONG,0.53,topline,2027-03-31,,,,,
2026-10-08,deepseek-v4-pro,ATYR-EFZOFITIMOD-topline-2027-03-31,ATYR,LONG,0.55,topline,2027-03-31,,,,,
2026-10-08,deepseek-v4-pro,AUTL-AUTO8-topline-2026-12-31,AUTL,LONG,0.54,topline,2026-12-31,,,,,
2026-10-08,deepseek-v4-pro,AUTL-OBECABTAGENEAUTOLEUCELOB-conference-2026-11-10,AUTL,LONG,0.55,conference,2026-11-10,,,,,
2026-10-08,deepseek-v4-pro,AZTR-ATR04-PH12-COHORT1-TOPLINE-2026Q4,AZTR,LONG,0.52,topline,2026-12-31,,,,,
2026-10-08,deepseek-v4-pro,BMEA-ICOVAMENIB-topline-2027-03-31,BMEA,SHORT,0.57,topline,2027-03-31,,,,,
2026-10-08,deepseek-v4-pro,CAPR-DERAMIOCEL-PDUFA-2026-11-22,CAPR,LONG,0.57,PDUFA,2026-11-22,,,,,
2026-10-08,deepseek-v4-pro,CMPX-CTX10726-interim-2026-12-31,CMPX,SHORT,0.56,interim,2026-12-31,,,,,
2026-10-08,deepseek-v4-pro,CMPX-TOVECIMIG-conference-2026-10-31,CMPX,SHORT,0.58,conference,2026-10-31,,,,,
2026-10-08,deepseek-v4-pro,EYPT-DURAVYU-LUCIA-TOPLINE-2026Q4,EYPT,LONG,0.58,topline,2026-12-31,,,,,
2026-10-08,deepseek-v4-pro,INO-INO3107-PDUFA-2026-10-30,INO,LONG,0.55,PDUFA,2026-10-30,,,,,
2026-10-08,deepseek-v4-pro,IVVD-VYD2311-topline-2026-10-31,IVVD,LONG,0.53,topline,2026-10-31,,,,,
2026-10-08,deepseek-v4-pro,KPTI-SELINEXOR-topline-2026-12-31,KPTI,SHORT,0.6,topline,2026-12-31,,,,,
2026-10-08,deepseek-v4-pro,LXEO-LX2020-interim-2026-12-31,LXEO,LONG,0.55,interim,2026-12-31,,,,,
2026-10-08,deepseek-v4-pro,NMRA-NMRA511-interim-2026-12-31,NMRA,SHORT,0.57,interim,2026-12-31,,,,,
2026-10-08,deepseek-v4-pro,NMRA-NMRA898-interim-2026-12-31,NMRA,SHORT,0.56,interim,2026-12-31,,,,,
2026-10-08,deepseek-v4-pro,OCGN-OCU400-topline-2027-03-31,OCGN,LONG,0.54,topline,2027-03-31,,,,,
2026-10-08,deepseek-v4-pro,OVID-OV329-topline-2026-12-31,OVID,LONG,0.55,topline,2026-12-31,,,,,
2026-10-08,deepseek-v4-pro,OVID-OV4071-interim-2026-12-31,OVID,LONG,0.53,interim,2026-12-31,,,,,
2026-10-08,deepseek-v4-pro,TARA-IVCHOLINECHLORIDE-interim-2026-12-31,TARA,LONG,0.56,interim,2026-12-31,,,,,
2026-10-08,deepseek-v4-pro,TNYA-TN201-interim-2026-12-31,TNYA,LONG,0.55,interim,2026-12-31,,,,,
2026-10-08,deepseek-v4-pro,TNYA-TN401-RIDGE1-INTERIM-2026Q4,TNYA,LONG,0.57,interim,2026-12-31,,,,,
2026-10-08,deepseek-v4-pro,ZURA-TIBULIZUMAB-TIBUSHIELD-TOPLINE-2026Q4,ZURA,LONG,0.56,topline,2026-12-31,,,,,
