kind,cik,date,name,sic,accession,ticker
APPROVAL,786947,2015-01-08,"ACURA PHARMACEUTICALS, INC  (ACUR)",2834,0001144204-15-001269,
APPROVAL,936402,2015-01-26,Shire plc,2834,0000950103-15-000520,
APPROVAL,1024126,2015-01-27,"PERNIX THERAPEUTICS HOLDINGS, INC.",2834,0001354488-15-000320,
CRL,861838,2015-02-09,"IDERA PHARMACEUTICALS, INC.",2836,0001193125-15-039214,
APPROVAL,879169,2015-02-12,INCYTE CORP  (INCY),8731,0001104659-15-009190,INCY
CRL,1396814,2015-03-02,"Pacira Pharmaceuticals, Inc.  (PCRX)",2834,0001104659-15-015879,PCRX
APPROVAL,1082554,2015-03-10,UNITED THERAPEUTICS Corp  (UTHR),2834,0001104659-15-018419,UTHR
APPROVAL,1411158,2015-03-12,"Anacor Pharmaceuticals, Inc.",2834,0001104659-15-019164,
APPROVAL,885590,2015-03-16,"Valeant Pharmaceuticals International, Inc.  (BHC)",2834,0001193125-15-093619,BHC
CRL,887247,2015-03-30,Adamis Pharmaceuticals Corp  (DMKPQ),2834,0001564590-15-002073,
APPROVAL,1567892,2015-04-06,Mallinckrodt plc,2834,0001193125-15-119480,
APPROVAL,907562,2015-04-29,DYAX CORP,8731,0001157523-15-001425,
APPROVAL,1080014,2015-04-30,THERAVANCE INC  (INVA),2834,0001104659-15-032638,INVA
CRL,1396814,2015-04-30,"Pacira Pharmaceuticals, Inc.  (PCRX)",2834,0001104659-15-031981,PCRX
APPROVAL,1436304,2015-05-04,KYTHERA BIOPHARMACEUTICALS INC,2834,0001104659-15-033277,
APPROVAL,1092662,2015-05-07,"CHEMBIO DIAGNOSTICS, INC.",2834,0001092662-15-000049,
APPROVAL,1578845,2015-05-11,Actavis plc,2834,0001144204-15-028974,
APPROVAL,1285819,2015-05-28,OMEROS CORP  (OMER),2834,0001193125-15-204165,OMER
CRL,792977,2015-05-28,AMAG PHARMACEUTICALS INC.,2834,0001104659-15-041379,
APPROVAL,1593034,2015-06-02,Endo International plc,2834,0001193125-15-210831,
APPROVAL,1059790,2015-06-03,POZEN INC /NC,2834,0001140361-15-022968,
APPROVAL,1267565,2015-06-19,"COLLEGIUM PHARMACEUTICAL, INC  (COLL)",2834,0001104659-15-046449,COLL
APPROVAL,1297184,2015-06-22,"Amphastar Pharmaceuticals, Inc.  (AMPH)",2834,0001171843-15-003533,AMPH
APPROVAL,1437402,2015-07-14,"ARDELYX, INC.  (ARDX)",2834,0001193125-15-251840,ARDX
APPROVAL,886163,2015-08-04,"LIGAND PHARMACEUTICALS INC  (LGND, LGNDZ, LGNXZ, LGNYZ, LGNZZ)",2834,0000886163-15-000083,LGNZZ
APPROVAL,1436304,2015-08-06,KYTHERA BIOPHARMACEUTICALS INC,2834,0001104659-15-057157,
APPROVAL,1060736,2015-08-17,SEATTLE GENETICS INC /WA,2836,0001193125-15-293320,
APPROVAL,1436304,2015-08-18,KYTHERA BIOPHARMACEUTICALS INC,2834,0001104659-15-060659,
APPROVAL,1491576,2015-09-03,"TESARO, Inc.",2834,0001104659-15-063472,
APPROVAL,1520262,2015-10-06,Alkermes plc.  (ALKS),2834,0001104659-15-069185,ALKS
APPROVAL,1103021,2015-10-15,BIODELIVERY SCIENCES INTERNATIONAL INC,2834,0001193125-15-344752,
APPROVAL,1422143,2015-10-20,"Kura Oncology, Inc.  (KURA)",2834,0001193125-15-348342,KURA
APPROVAL,1103021,2015-10-26,BIODELIVERY SCIENCES INTERNATIONAL INC,2834,0001193125-15-353496,
CRL,78003,2015-10-27,PFIZER INC  (PFE),2834,0000078003-15-000048,PFE
CRL,886163,2015-11-09,"LIGAND PHARMACEUTICALS INC  (LGND, LGNDZ, LGNXZ, LGNYZ, LGNZZ)",2834,0000886163-15-000108,LGNZZ
APPROVAL,1368514,2015-11-10,"ADMA BIOLOGICS, INC.  (ADMA)",2836,0001193805-15-001841,ADMA
CRL,1467652,2015-11-10,"Neos Therapeutics, Inc.",2834,0001104659-15-077731,
APPROVAL,939767,2015-11-10,"EXELIXIS, INC.  (EXEL)",8731,0000939767-15-000104,EXEL
CRL,897075,2015-12-01,REPROS THERAPEUTICS INC.,2836,0001171843-15-006596,
APPROVAL,827871,2015-12-08,"EAGLE PHARMACEUTICALS, INC.  (EGRX)",2834,0001104659-15-083556,
APPROVAL,1434647,2015-12-18,"KEMPHARM, INC  (ZVRA)",2834,0001193125-15-407915,ZVRA
APPROVAL,1411158,2016-01-11,"Anacor Pharmaceuticals, Inc.",2834,0001104659-16-088962,
APPROVAL,1285819,2016-01-19,OMEROS CORP  (OMER),2834,0001193125-16-431654,OMER
APPROVAL,14272,2016-01-28,"BRISTOL MYERS SQUIBB CO  (BMY, BMYMP, CELG-RI)",2834,0000014272-16-000260,CELG-RI
APPROVAL,899866,2016-02-03,ALEXION PHARMACEUTICALS INC,2834,0000899866-16-000222,
APPROVAL,908259,2016-02-04,OXIGENE INC  (OTLC),2836,0001193125-16-450629,OTLC
APPROVAL,887359,2016-02-22,Vericel Corp  (VCEL),2836,0001104659-16-098630,VCEL
APPROVAL,1416792,2016-02-24,Relypsa Inc,2834,0001193125-16-475780,
APPROVAL,813389,2016-03-11,"EMBER THERAPEUTICS, INC. - NY",2834,0001662252-16-000093,
CRL,827871,2016-03-18,"EAGLE PHARMACEUTICALS, INC.  (EGRX)",2834,0001104659-16-106011,
APPROVAL,1114220,2016-03-29,KERYX BIOPHARMACEUTICALS INC,2834,0001193125-16-520433,
APPROVAL,813389,2016-03-31,"EMBER THERAPEUTICS, INC. - NY",2834,0001662252-16-000113,
CRL,1339469,2016-04-18,"CHIASMA, INC",2834,0001193125-16-543792,
APPROVAL,1114220,2016-04-28,KERYX BIOPHARMACEUTICALS INC,2834,0001193125-16-561069,
APPROVAL,1012477,2016-05-02,FLAMEL TECHNOLOGIES SA  (AVDL),2834,0000910680-16-000133,
APPROVAL,1070494,2016-05-03,ACADIA PHARMACEUTICALS INC  (ACAD),2834,0001193125-16-575089,ACAD
APPROVAL,78003,2016-05-03,PFIZER INC  (PFE),2834,0000078003-16-000091,PFE
APPROVAL,886163,2016-05-04,"LIGAND PHARMACEUTICALS INC  (LGND, LGNDZ, LGNXZ, LGNYZ, LGNZZ)",2834,0000886163-16-000170,LGNZZ
APPROVAL,1267565,2016-05-10,"COLLEGIUM PHARMACEUTICAL, INC  (COLL)",2834,0001104659-16-119722,COLL
APPROVAL,1087294,2016-05-13,CUMBERLAND PHARMACEUTICALS INC  (CPIX),2834,0001628280-16-016339,CPIX
APPROVAL,1347178,2016-05-26,Vanda Pharmaceuticals Inc.  (VNDA),2834,0001193125-16-604386,VNDA
APPROVAL,1270073,2016-05-31,INTERCEPT PHARMACEUTICALS INC,2834,0001144204-16-105669,
APPROVAL,910267,2016-05-31,"TITAN PHARMACEUTICALS INC  (TTNP, TTNPW)",2836,0001144204-16-105951,
APPROVAL,1213037,2016-06-06,"Trovagene, Inc.  (CRDF)",2836,0001104659-16-125571,CRDF
APPROVAL,1012477,2016-06-07,FLAMEL TECHNOLOGIES SA  (AVDL),2834,0001144204-16-107258,
APPROVAL,1510964,2016-06-08,"CV Sciences, Inc.  (CVSI)",2833,0001019687-16-006616,CVSI
APPROVAL,1424151,2016-06-16,NEXUS BIOPHARMA INC,2834,0001078782-16-002996,
APPROVAL,944809,2016-06-21,"Opko Health, Inc.  (OPK)",2834,0001299933-16-002648,OPK
CRL,1535955,2016-06-29,Lipocine Inc.  (LPCN),2834,0001144204-16-110368,LPCN
APPROVAL,1516479,2016-07-05,"Insys Therapeutics, Inc.",2834,0001437749-16-034835,
APPROVAL,827871,2016-07-12,"EAGLE PHARMACEUTICALS, INC.  (EGRX)",2834,0001104659-16-132271,
APPROVAL,936402,2016-07-12,Shire plc,2834,0000950103-16-014778,
APPROVAL,1060736,2016-07-15,SEATTLE GENETICS INC /WA,2836,0001193125-16-649448,
APPROVAL,1080709,2016-07-19,ARENA PHARMACEUTICALS INC,2834,0001193125-16-650765,
APPROVAL,835887,2016-07-20,PROGENICS PHARMACEUTICALS INC,2834,0000835887-16-000166,
CRL,1053369,2016-07-21,ELITE PHARMACEUTICALS INC /NV/  (ELTP),2834,0001144204-16-113802,ELTP
CRL,1393434,2016-07-25,"OCULAR THERAPEUTIX, INC  (OCUL)",2834,0001193125-16-655920,OCUL
APPROVAL,1213037,2016-07-26,"Trovagene, Inc.  (CRDF)",2836,0001104659-16-134373,CRDF
APPROVAL,835887,2016-08-04,PROGENICS PHARMACEUTICALS INC,2834,0000835887-16-000172,
APPROVAL,1087294,2016-08-05,CUMBERLAND PHARMACEUTICALS INC  (CPIX),2834,0001628280-16-018626,CPIX
APPROVAL,1578845,2016-08-08,Allergan plc,2834,0001144204-16-117011,
APPROVAL,1011835,2016-08-09,"MEDIVATION, INC.",2834,0001193125-16-676774,
APPROVAL,1213037,2016-08-09,"Trovagene, Inc.  (CRDF)",2836,0001104659-16-138184,CRDF
CRL,1535955,2016-08-09,Lipocine Inc.  (LPCN),2834,0001144204-16-117435,LPCN
APPROVAL,1267565,2016-08-10,"COLLEGIUM PHARMACEUTICAL, INC  (COLL)",2834,0001104659-16-138633,COLL
APPROVAL,818033,2016-08-10,"HERON THERAPEUTICS, INC. /DE/  (HRTX)",2834,0001193125-16-677624,HRTX
APPROVAL,1595097,2016-08-15,"Corbus Pharmaceuticals Holdings, Inc.  (CRBP)",2834,0001493152-16-012331,CRBP
CRL,1269021,2016-08-19,PORTOLA PHARMACEUTICALS INC,2834,0001193125-16-686592,
APPROVAL,1424151,2016-09-02,NEXUS BIOPHARMA INC,2834,0001078782-16-003418,
APPROVAL,835887,2016-09-06,PROGENICS PHARMACEUTICALS INC,2834,0001437749-16-038352,
APPROVAL,1660719,2016-09-15,Aralez Pharmaceuticals Inc.,2834,0001104659-16-144790,
APPROVAL,1510964,2016-09-22,"CV Sciences, Inc.  (CVSI)",2833,0001683168-16-000173,CVSI
CRL,1069530,2016-09-26,PAIN THERAPEUTICS INC  (SAVA),2834,0001171843-16-012256,FLNA
CRL,1082038,2016-09-26,DURECT CORP  (DRRX),2834,0001193125-16-719543,
CRL,1339469,2016-09-30,"CHIASMA, INC",2834,0001193125-16-727626,
APPROVAL,1492426,2016-10-13,Horizon Pharma plc,2834,0001193125-16-737198,
APPROVAL,1424151,2016-10-14,NEXUS BIOPHARMA INC,2834,0001078782-16-003619,
APPROVAL,1087294,2016-11-03,CUMBERLAND PHARMACEUTICALS INC  (CPIX),2834,0001628280-16-020794,CPIX
APPROVAL,1516479,2016-11-03,"Insys Therapeutics, Inc.",2834,0001437749-16-040924,
APPROVAL,886163,2016-11-03,"LIGAND PHARMACEUTICALS INC  (LGND, LGNDZ, LGNXZ, LGNYZ, LGNZZ)",2834,0000886163-16-000235,LGNZZ
APPROVAL,1424151,2016-11-04,NEXUS BIOPHARMA INC,2834,0001078782-16-003713,
APPROVAL,1509261,2016-11-04,"AntriaBio, Inc.  (RZLT)",2834,0000912282-16-000892,RZLT
APPROVAL,850261,2016-11-08,"Sorrento Therapeutics, Inc.  (SRNE)",8731,0001193125-16-762991,
APPROVAL,1114220,2016-11-09,KERYX BIOPHARMACEUTICALS INC,2834,0001193125-16-763695,
CRL,1029142,2016-11-14,DYNAVAX TECHNOLOGIES CORP  (DVAX),2834,0001564590-16-029304,
APPROVAL,1012477,2016-11-15,FLAMEL TECHNOLOGIES SA  (AVDL),2834,0001628280-16-021495,
APPROVAL,887359,2016-12-14,Vericel Corp  (VCEL),2836,0001104659-16-162033,VCEL
CRL,1297184,2016-12-27,"Amphastar Pharmaceuticals, Inc.  (AMPH)",2834,0001558370-16-010637,AMPH
CRL,1461993,2016-12-29,"CEMPRA, INC.",2834,0001193125-16-806126,
APPROVAL,1586105,2017-01-09,Egalet Corp,2834,0001104659-17-001545,
CRL,1491576,2017-01-12,"TESARO, Inc.",2834,0001104659-17-002077,
APPROVAL,1232524,2017-01-18,Jazz Pharmaceuticals plc  (JAZZ),2834,0001193125-17-011674,JAZZ
APPROVAL,1347613,2017-01-20,"SYNERGY PHARMACEUTICALS, INC.",2834,0001104659-17-003158,
APPROVAL,850261,2017-01-20,"Sorrento Therapeutics, Inc.  (SRNE)",8731,0001193125-17-014056,
APPROVAL,1578845,2017-02-08,Allergan plc,2834,0001144204-17-006604,
APPROVAL,873303,2017-02-21,"Sarepta Therapeutics, Inc.  (SRPT)",2834,0001193125-17-049361,SRPT
APPROVAL,886163,2017-02-23,"LIGAND PHARMACEUTICALS INC  (LGND, LGNDZ, LGNXZ, LGNYZ, LGNZZ)",2834,0000886163-17-000014,LGNZZ
APPROVAL,1356576,2017-03-01,SUPERNUS PHARMACEUTICALS INC  (SUPN),2834,0001104659-17-012734,SUPN
APPROVAL,1597264,2017-03-09,Blueprint Medicines Corp  (BPMC),2834,0001558370-17-001502,
APPROVAL,1087294,2017-03-10,CUMBERLAND PHARMACEUTICALS INC  (CPIX),2834,0001628280-17-002482,CPIX
APPROVAL,1491576,2017-03-31,"TESARO, Inc.",2834,0001104659-17-020704,
APPROVAL,914475,2017-04-12,NEUROCRINE BIOSCIENCES INC  (NBIX),2836,0001193125-17-121464,NBIX
APPROVAL,1428522,2017-04-28,"Radius Health, Inc.",2834,0001564590-17-007706,
APPROVAL,1428522,2017-05-01,"Radius Health, Inc.",2834,0001564590-17-007845,
APPROVAL,1103021,2017-05-02,BIODELIVERY SCIENCES INTERNATIONAL INC,2834,0001193125-17-154062,
APPROVAL,1114220,2017-05-04,KERYX BIOPHARMACEUTICALS INC,2834,0001193125-17-157264,
APPROVAL,850261,2017-05-04,"Sorrento Therapeutics, Inc.  (SRNE)",8731,0001144204-17-024602,
CRL,25743,2017-05-08,"TherapeuticsMD, Inc.  (TXMD)",2834,0001387131-17-002494,TXMD
APPROVAL,914475,2017-05-09,NEUROCRINE BIOSCIENCES INC  (NBIX),2836,0001193125-17-164311,NBIX
APPROVAL,1087294,2017-05-15,CUMBERLAND PHARMACEUTICALS INC  (CPIX),2834,0001628280-17-005581,CPIX
APPROVAL,1012477,2017-06-02,AVADEL PHARMACEUTICALS PLC  (AVDL),2834,0000910680-17-000064,
APPROVAL,1467652,2017-06-05,"Neos Therapeutics, Inc.",2834,0001104659-17-037351,
CRL,1512762,2017-06-12,"Coherus BioSciences, Inc.  (CHRS)",2836,0001193125-17-201398,CHRS
APPROVAL,887247,2017-06-16,Adamis Pharmaceuticals Corp  (DMKPQ),2834,0001387131-17-003285,
CRL,1586105,2017-06-20,Egalet Corp,2834,0001104659-17-040317,
APPROVAL,936402,2017-06-21,Shire plc,2834,0000950103-17-005940,
APPROVAL,1356576,2017-06-23,SUPERNUS PHARMACEUTICALS INC  (SUPN),2834,0001104659-17-041309,SUPN
APPROVAL,1070081,2017-06-30,"PTC THERAPEUTICS, INC.  (PTCT)",2834,0001070081-17-000109,PTCT
APPROVAL,1070081,2017-07-03,"PTC THERAPEUTICS, INC.  (PTCT)",2834,0001070081-17-000113,PTCT
CRL,827871,2017-07-26,"EAGLE PHARMACEUTICALS, INC.  (EGRX)",2834,0001104659-17-047096,
APPROVAL,1114220,2017-07-27,KERYX BIOPHARMACEUTICALS INC,2834,0001193125-17-237358,
CRL,78003,2017-08-01,PFIZER INC  (PFE),2834,0000078003-17-000034,PFE
APPROVAL,1428522,2017-08-03,"Radius Health, Inc.",2834,0001564590-17-015341,
APPROVAL,936402,2017-08-03,Shire plc,2834,0000936402-17-000028,
APPROVAL,886163,2017-08-07,"LIGAND PHARMACEUTICALS INC  (LGND, LGNDZ, LGNXZ, LGNYZ, LGNZZ)",2834,0000886163-17-000088,LGNZZ
APPROVAL,1232524,2017-08-08,Jazz Pharmaceuticals plc  (JAZZ),2834,0001232524-17-000132,JAZZ
CRL,1337553,2017-08-08,AERIE PHARMACEUTICALS INC,2836,0001193125-17-251325,
APPROVAL,1087294,2017-08-09,CUMBERLAND PHARMACEUTICALS INC  (CPIX),2834,0001628280-17-008471,CPIX
APPROVAL,1269021,2017-08-09,PORTOLA PHARMACEUTICALS INC,2834,0001193125-17-252819,
APPROVAL,1012477,2017-09-05,AVADEL PHARMACEUTICALS PLC  (AVDL),2834,0000910680-17-000086,
APPROVAL,1012477,2017-09-07,AVADEL PHARMACEUTICALS PLC  (AVDL),2834,0000910680-17-000090,
APPROVAL,1401667,2017-09-08,"PUMA BIOTECHNOLOGY, INC.  (PBYI)",2834,0001193125-17-280571,PBYI
APPROVAL,1583771,2017-09-11,"ContraVir Pharmaceuticals, Inc.  (HEPA, CTRVP)",2834,0001104659-17-056452,CTRVP
APPROVAL,1467652,2017-09-15,"Neos Therapeutics, Inc.",2834,0001104659-17-057446,
APPROVAL,1080014,2017-09-19,"Innoviva, Inc.  (INVA)",2834,0001104659-17-057707,INVA
APPROVAL,1080014,2017-09-20,"Innoviva, Inc.  (INVA)",2834,0001104659-17-057981,INVA
APPROVAL,910267,2017-09-21,"TITAN PHARMACEUTICALS INC  (TTNP, TTNPW)",2836,0001144204-17-048936,
APPROVAL,1126234,2017-10-03,NEWLINK GENETICS CORP  (LUMO),2834,0001126234-17-000092,
APPROVAL,1060736,2017-10-05,SEATTLE GENETICS INC /WA,2836,0001193125-17-304693,
APPROVAL,914475,2017-10-05,NEUROCRINE BIOSCIENCES INC  (NBIX),2836,0001193125-17-303863,NBIX
APPROVAL,1419600,2017-10-10,Flexion Therapeutics Inc,2834,0001193125-17-307085,
CRL,1427925,2017-10-12,ACELRX PHARMACEUTICALS INC  (TLPH),2834,0001437749-17-017059,TLPH
APPROVAL,944809,2017-10-12,"Opko Health, Inc.  (OPK)",2834,0001193125-17-308435,OPK
APPROVAL,1689813,2017-10-18,Biohaven Pharmaceutical Holding Co Ltd.,2834,0001104659-17-062666,
CRL,1070081,2017-10-25,"PTC THERAPEUTICS, INC.  (PTCT)",2834,0001070081-17-000124,PTCT
APPROVAL,882095,2017-10-26,GILEAD SCIENCES INC  (GILD),2836,0000882095-17-000023,GILD
APPROVAL,1491576,2017-10-27,"TESARO, Inc.",2834,0001104659-17-064389,
APPROVAL,1428522,2017-11-02,"Radius Health, Inc.",2834,0001564590-17-021232,
APPROVAL,1446847,2017-11-02,IRONWOOD PHARMACEUTICALS INC  (IRWD),2834,0001104659-17-065393,IRWD
APPROVAL,1419600,2017-11-06,Flexion Therapeutics Inc,2834,0001193125-17-334262,
APPROVAL,1114220,2017-11-07,KERYX BIOPHARMACEUTICALS INC,2834,0001193125-17-335017,
APPROVAL,1087294,2017-11-08,CUMBERLAND PHARMACEUTICALS INC  (CPIX),2834,0001628280-17-011222,CPIX
APPROVAL,818033,2017-11-09,"HERON THERAPEUTICS, INC. /DE/  (HRTX)",2834,0001193125-17-338771,HRTX
APPROVAL,1029142,2017-11-14,DYNAVAX TECHNOLOGIES CORP  (DVAX),2834,0001193125-17-342558,
APPROVAL,1411879,2017-11-14,"INNOVUS PHARMACEUTICALS, INC.",2834,0001654954-17-010505,
APPROVAL,1515673,2017-11-15,Ultragenyx Pharmaceutical Inc.  (RARE),2834,0001564590-17-023875,RARE
APPROVAL,1401667,2017-12-06,"PUMA BIOTECHNOLOGY, INC.  (PBYI)",2834,0001193125-17-362817,PBYI
APPROVAL,1557746,2017-12-15,"Aclaris Therapeutics, Inc.  (ACRS)",2834,0001558370-17-009338,ACRS
APPROVAL,1337553,2017-12-18,AERIE PHARMACEUTICALS INC,2836,0001193125-17-372035,
APPROVAL,1609351,2017-12-19,"Spark Therapeutics, Inc.",2836,0001609351-17-000127,
APPROVAL,920465,2017-12-28,LA JOLLA PHARMACEUTICAL CO,2836,0000920465-17-000085,
APPROVAL,1618835,2018-01-17,"Evofem Biosciences, Inc.  (EVFM)",2834,0001193125-18-012234,EVFM
APPROVAL,1347613,2018-01-25,"SYNERGY PHARMACEUTICALS, INC.",2834,0001104659-18-003929,
APPROVAL,792977,2018-02-05,AMAG PHARMACEUTICALS INC.,2834,0000792977-18-000005,
APPROVAL,1235010,2018-02-13,MOMENTA PHARMACEUTICALS INC,2836,0001104659-18-008659,
APPROVAL,914475,2018-02-13,NEUROCRINE BIOSCIENCES INC  (NBIX),2836,0001193125-18-042549,NBIX
APPROVAL,1012477,2018-02-14,AVADEL PHARMACEUTICALS PLC  (AVDL),2834,0001144204-18-008301,
APPROVAL,936402,2018-02-14,Shire plc,2834,0000936402-18-000003,
APPROVAL,792977,2018-02-15,AMAG PHARMACEUTICALS INC.,2834,0000792977-18-000007,
APPROVAL,1609351,2018-02-20,"Spark Therapeutics, Inc.",2836,0001609351-18-000019,
APPROVAL,1235010,2018-02-21,MOMENTA PHARMACEUTICALS INC,2836,0001104659-18-010954,
APPROVAL,1434647,2018-02-23,"KEMPHARM, INC  (ZVRA)",2834,0001437749-18-003213,ZVRA
APPROVAL,1213037,2018-02-26,"Trovagene, Inc.  (CRDF)",2836,0001193125-18-058657,CRDF
APPROVAL,850261,2018-02-28,"Sorrento Therapeutics, Inc.  (SRNE)",8731,0001144204-18-011670,
APPROVAL,1428522,2018-03-01,"Radius Health, Inc.",2834,0001193125-18-067153,
APPROVAL,1087294,2018-03-09,CUMBERLAND PHARMACEUTICALS INC  (CPIX),2834,0001628280-18-003033,CPIX
APPROVAL,1060736,2018-03-20,SEATTLE GENETICS INC /WA,2836,0001193125-18-089338,
APPROVAL,1434647,2018-03-29,"KEMPHARM, INC  (ZVRA)",2834,0001437749-18-005833,ZVRA
APPROVAL,1515673,2018-04-17,Ultragenyx Pharmaceutical Inc.  (RARE),2834,0001564590-18-008320,RARE
APPROVAL,1080014,2018-04-24,"Innoviva, Inc.  (INVA)",2834,0001104659-18-026177,INVA
CRL,78003,2018-05-01,PFIZER INC  (PFE),2834,0000078003-18-000039,PFE
APPROVAL,882095,2018-05-01,GILEAD SCIENCES INC  (GILD),2836,0000882095-18-000012,GILD
APPROVAL,792977,2018-05-03,AMAG PHARMACEUTICALS INC.,2834,0000792977-18-000020,
APPROVAL,1235010,2018-05-08,MOMENTA PHARMACEUTICALS INC,2836,0001104659-18-031071,
APPROVAL,1561743,2018-05-08,"Kindred Biosciences, Inc.",2834,0001561743-18-000047,
APPROVAL,1401667,2018-05-09,"PUMA BIOTECHNOLOGY, INC.  (PBYI)",2834,0001193125-18-157497,PBYI
CRL,1535955,2018-05-09,Lipocine Inc.  (LPCN),2834,0001144204-18-026332,LPCN
APPROVAL,1434647,2018-05-10,"KEMPHARM, INC  (ZVRA)",2834,0001437749-18-009447,ZVRA
APPROVAL,1685071,2018-05-21,"Dova Pharmaceuticals, Inc.",2834,0001104659-18-034809,
CRL,1588972,2018-05-24,"Recro Pharma, Inc.",2834,0001193125-18-172731,
APPROVAL,25743,2018-05-30,"TherapeuticsMD, Inc.  (TXMD)",2834,0001387131-18-002408,TXMD
APPROVAL,1012477,2018-06-06,AVADEL PHARMACEUTICALS PLC  (AVDL),2834,0001144204-18-033043,
CRL,1604950,2018-06-13,scPharmaceuticals Inc.  (SCPH),2834,0001193125-18-191084,
APPROVAL,1100412,2018-06-27,ARRAY BIOPHARMA INC,2834,0001144204-18-036027,
APPROVAL,1557883,2018-06-29,"Dermira, Inc.",2834,0001564590-18-016425,
APPROVAL,1520262,2018-07-02,Alkermes plc.  (ALKS),2834,0001520262-18-000031,ALKS
APPROVAL,914475,2018-07-24,NEUROCRINE BIOSCIENCES INC  (NBIX),2836,0001193125-18-224539,NBIX
APPROVAL,882095,2018-07-25,GILEAD SCIENCES INC  (GILD),2836,0000882095-18-000019,GILD
APPROVAL,1551152,2018-07-27,AbbVie Inc.  (ABBV),2834,0001551152-18-000029,ABBV
APPROVAL,1082038,2018-07-30,DURECT CORP  (DRRX),2834,0001564590-18-017829,
APPROVAL,25743,2018-07-30,"TherapeuticsMD, Inc.  (TXMD)",2834,0001387131-18-003402,TXMD
APPROVAL,1082554,2018-07-31,UNITED THERAPEUTICS Corp  (UTHR),2834,0001104659-18-048198,UTHR
APPROVAL,835887,2018-07-31,PROGENICS PHARMACEUTICALS INC,2834,0001437749-18-014033,
APPROVAL,879169,2018-07-31,INCYTE CORP  (INCY),8731,0001104659-18-048232,INCY
APPROVAL,914475,2018-07-31,NEUROCRINE BIOSCIENCES INC  (NBIX),2836,0001564590-18-018134,NBIX
APPROVAL,1082038,2018-08-01,DURECT CORP  (DRRX),2834,0001564590-18-018462,
CRL,1069530,2018-08-06,PAIN THERAPEUTICS INC  (SAVA),2834,0001171843-18-005747,FLNA
CRL,1082038,2018-08-06,DURECT CORP  (DRRX),2834,0001564590-18-019301,
CRL,1535955,2018-08-07,Lipocine Inc.  (LPCN),2834,0001144204-18-042232,LPCN
APPROVAL,1070494,2018-08-08,ACADIA PHARMACEUTICALS INC  (ACAD),2834,0001564590-18-020509,ACAD
APPROVAL,1401667,2018-08-09,"PUMA BIOTECHNOLOGY, INC.  (PBYI)",2834,0001193125-18-244329,PBYI
APPROVAL,1561743,2018-08-09,"Kindred Biosciences, Inc.",2834,0001561743-18-000077,
APPROVAL,1178670,2018-08-10,"ALNYLAM PHARMACEUTICALS, INC.  (ALNY)",2834,0001193125-18-245969,ALNY
APPROVAL,1178879,2018-08-10,AMICUS THERAPEUTICS INC  (FOLD),2834,0001178879-18-000011,
APPROVAL,1447028,2018-08-13,Arbutus Biopharma Corp  (ABUS),2834,0001171843-18-006009,ABUS
APPROVAL,25743,2018-08-13,"TherapeuticsMD, Inc.  (TXMD)",2834,0001387131-18-003883,TXMD
APPROVAL,1479419,2018-08-23,"Kala Pharmaceuticals, Inc.  (KALA)",2834,0001104659-18-053380,KALA
APPROVAL,1070081,2018-08-24,"PTC THERAPEUTICS, INC.  (PTCT)",2834,0001070081-18-000066,PTCT
APPROVAL,936402,2018-08-24,Shire plc,2834,0000950103-18-009918,
CRL,1662524,2018-08-27,"AKCEA THERAPEUTICS, INC.",2834,0001140361-18-037026,
CRL,874015,2018-08-27,IONIS PHARMACEUTICALS INC  (IONS),2834,0001140361-18-037039,IONS
CRL,1070081,2018-08-28,"PTC THERAPEUTICS, INC.  (PTCT)",2834,0001070081-18-000068,PTCT
APPROVAL,1373707,2018-08-28,TETRAPHASE PHARMACEUTICALS INC,2834,0001193125-18-259715,
APPROVAL,1373707,2018-09-20,TETRAPHASE PHARMACEUTICALS INC,2834,0001193125-18-278524,
APPROVAL,1526119,2018-09-24,"Verastem, Inc.  (VSTM)",2834,0001104659-18-058212,VSTM
APPROVAL,25743,2018-09-24,"TherapeuticsMD, Inc.  (TXMD)",2834,0001387131-18-004910,TXMD
APPROVAL,1351288,2018-10-01,GW PHARMACEUTICALS PLC,2834,0001144204-18-051799,
APPROVAL,1479419,2018-10-02,"Kala Pharmaceuticals, Inc.  (KALA)",2834,0001104659-18-060023,KALA
APPROVAL,25743,2018-10-02,"TherapeuticsMD, Inc.  (TXMD)",2834,0001387131-18-005143,TXMD
APPROVAL,1178711,2018-10-03,"Paratek Pharmaceuticals, Inc.",2834,0001564590-18-023851,
APPROVAL,1368514,2018-10-03,"ADMA BIOLOGICS, INC.  (ADMA)",2836,0001193805-18-001198,ADMA
APPROVAL,1662524,2018-10-09,"AKCEA THERAPEUTICS, INC.",2834,0001140361-18-040212,
APPROVAL,874015,2018-10-10,IONIS PHARMACEUTICALS INC  (IONS),2834,0001140361-18-040367,IONS
APPROVAL,1584137,2018-10-11,"Oncolix, Inc.",2834,0001477932-18-004804,
CRL,791908,2018-10-18,"XOMA Corp  (XOMA, XOMAO, XOMAP)",2834,0001193125-18-301894,
APPROVAL,946644,2018-10-22,HEMISPHERX BIOPHARMA INC  (AIM),2836,0001493152-18-014710,AIM
APPROVAL,25743,2018-10-29,"TherapeuticsMD, Inc.  (TXMD)",2834,0001387131-18-005702,TXMD
APPROVAL,1401667,2018-11-01,"PUMA BIOTECHNOLOGY, INC.  (PBYI)",2834,0001193125-18-315715,PBYI
CRL,1429560,2018-11-02,TREVENA INC  (TRVN),2834,0001104659-18-065733,
APPROVAL,1512762,2018-11-02,"Coherus BioSciences, Inc.  (CHRS)",2836,0001193125-18-317130,CHRS
APPROVAL,1551152,2018-11-02,AbbVie Inc.  (ABBV),2834,0001551152-18-000038,ABBV
APPROVAL,914475,2018-11-05,NEUROCRINE BIOSCIENCES INC  (NBIX),2836,0001564590-18-026829,NBIX
APPROVAL,1398733,2018-11-06,"Aquestive Therapeutics, Inc.  (AQST)",2834,0001140361-18-042519,AQST
APPROVAL,1561743,2018-11-07,"Kindred Biosciences, Inc.",2834,0001561743-18-000090,
APPROVAL,25743,2018-11-07,"TherapeuticsMD, Inc.  (TXMD)",2834,0001387131-18-005954,TXMD
APPROVAL,1297184,2018-11-08,"Amphastar Pharmaceuticals, Inc.  (AMPH)",2834,0001558370-18-008890,AMPH
APPROVAL,1434647,2018-11-08,"KEMPHARM, INC  (ZVRA)",2834,0001437749-18-020076,ZVRA
APPROVAL,1583107,2018-11-09,"Theravance Biopharma, Inc.  (TBPH)",2834,0001104659-18-067397,TBPH
APPROVAL,25743,2018-11-13,"TherapeuticsMD, Inc.  (TXMD)",2834,0001387131-18-006073,TXMD
APPROVAL,352998,2018-11-13,"Teligent, Inc.",2834,0001628280-18-014270,
APPROVAL,1060736,2018-11-16,SEATTLE GENETICS INC /WA,2836,0001193125-18-329071,
APPROVAL,1689813,2018-11-26,Biohaven Pharmaceutical Holding Co Ltd.,2834,0001104659-18-069765,
APPROVAL,1369568,2018-11-29,"CATALYST PHARMACEUTICALS, INC.  (CPRX)",2834,0001193125-18-337245,
APPROVAL,1393434,2018-12-03,"OCULAR THERAPEUTIX, INC  (OCUL)",2834,0001410578-18-000569,OCUL
APPROVAL,1398733,2018-12-11,"Aquestive Therapeutics, Inc.  (AQST)",2834,0001140361-18-044886,AQST
APPROVAL,1356576,2018-12-19,SUPERNUS PHARMACEUTICALS INC  (SUPN),2834,0001104659-18-073844,SUPN
APPROVAL,1497504,2018-12-21,PLx Pharma Inc.,2834,0000921895-18-003367,
APPROVAL,1269021,2018-12-31,PORTOLA PHARMACEUTICALS INC,2834,0001193125-18-362419,
APPROVAL,1517022,2019-01-07,"Akebia Therapeutics, Inc.  (AKBA)",2834,0001193125-19-003178,AKBA
APPROVAL,59478,2019-01-07,LILLY ELI & CO  (LLY),2834,0001193125-19-003653,LLY
APPROVAL,1561743,2019-01-17,"Kindred Biosciences, Inc.",2834,0001561743-19-000013,
CRL,722830,2019-01-18,IMMUNOMEDICS INC,2835,0001104659-19-002351,
APPROVAL,1668243,2019-01-22,UroGen Pharma Ltd.  (URGN),2834,0001193125-19-014088,URGN
CRL,1520262,2019-02-01,Alkermes plc.  (ALKS),2834,0001564590-19-001702,ALKS
APPROVAL,914475,2019-02-05,NEUROCRINE BIOSCIENCES INC  (NBIX),2836,0001564590-19-001996,NBIX
APPROVAL,792977,2019-02-07,AMAG PHARMACEUTICALS INC.,2834,0000792977-19-000012,
APPROVAL,1497504,2019-02-20,PLx Pharma Inc.,2834,0000921895-19-000545,
APPROVAL,1087294,2019-02-26,CUMBERLAND PHARMACEUTICALS INC  (CPIX),2834,0001628280-19-001992,CPIX
APPROVAL,818033,2019-02-26,"HERON THERAPEUTICS, INC. /DE/  (HRTX)",2834,0001193125-19-051944,HRTX
APPROVAL,1008848,2019-02-28,ACORDA THERAPEUTICS INC,2836,0001564590-19-005446,
APPROVAL,1561743,2019-03-06,"Kindred Biosciences, Inc.",2834,0001561743-19-000029,
APPROVAL,1337553,2019-03-13,AERIE PHARMACEUTICALS INC,2836,0001193125-19-072295,
APPROVAL,1597553,2019-03-20,"Sage Therapeutics, Inc.  (SAGE)",2834,0001193125-19-079860,
CRL,1588972,2019-03-22,"Recro Pharma, Inc.",2834,0001193125-19-083535,
APPROVAL,1368514,2019-04-02,"ADMA BIOLOGICS, INC.  (ADMA)",2836,0001193805-19-000332,ADMA
CRL,1403708,2019-04-02,Evoke Pharma Inc  (EVOK),2834,0001564590-19-010479,
APPROVAL,1445815,2019-04-05,"BIOXYTRAN, INC  (BIXT)",2834,0001213900-19-005856,BIXT
APPROVAL,1501697,2019-04-11,"X4 Pharmaceuticals, Inc  (XFOR, XFOWW)",2836,0001193125-19-103832,XFOR
APPROVAL,914475,2019-04-29,NEUROCRINE BIOSCIENCES INC  (NBIX),2836,0001564590-19-013735,NBIX
CRL,1641640,2019-05-01,Nabriva Therapeutics plc,2834,0001104659-19-025701,
CRL,818033,2019-05-01,"HERON THERAPEUTICS, INC. /DE/  (HRTX)",2834,0001193125-19-130962,HRTX
APPROVAL,1232524,2019-05-07,Jazz Pharmaceuticals plc  (JAZZ),2834,0001232524-19-000025,JAZZ
APPROVAL,1368514,2019-05-08,"ADMA BIOLOGICS, INC.  (ADMA)",2836,0001193805-19-000454,ADMA
APPROVAL,1356090,2019-05-09,INTREXON CORP  (PGEN),8731,0001193125-19-143203,PGEN
APPROVAL,1517022,2019-05-09,"Akebia Therapeutics, Inc.  (AKBA)",2834,0001193125-19-142309,AKBA
APPROVAL,1561743,2019-05-09,"Kindred Biosciences, Inc.",2834,0001561743-19-000039,
APPROVAL,1368514,2019-05-10,"ADMA BIOLOGICS, INC.  (ADMA)",2836,0001193805-19-000470,ADMA
APPROVAL,1434647,2019-05-14,"KEMPHARM, INC  (ZVRA)",2834,0001437749-19-009828,ZVRA
APPROVAL,1659617,2019-05-14,"Moleculin Biotech, Inc.  (MBRX)",2834,0001659617-19-000072,MBRX
APPROVAL,1368514,2019-05-29,"ADMA BIOLOGICS, INC.  (ADMA)",2836,0001193805-19-000540,ADMA
APPROVAL,1012477,2019-06-13,AVADEL PHARMACEUTICALS PLC  (AVDL),2834,0001144204-19-030833,
APPROVAL,1411906,2019-06-14,"Ampio Pharmaceuticals, Inc.  (AMPE)",2834,0001144204-19-030900,
APPROVAL,850261,2019-06-17,"Sorrento Therapeutics, Inc.  (SRNE)",8731,0000850261-19-000024,
APPROVAL,1393434,2019-06-21,"OCULAR THERAPEUTIX, INC  (OCUL)",2834,0001104659-19-036832,OCUL
APPROVAL,911216,2019-06-21,PALATIN TECHNOLOGIES INC  (PTN),2834,0001654954-19-007555,PTN
APPROVAL,792977,2019-06-24,AMAG PHARMACEUTICALS INC.,2834,0000792977-19-000116,
CRL,1069308,2019-06-25,Acer Therapeutics Inc.,2834,0001564590-19-023312,
APPROVAL,1503802,2019-07-03,Karyopharm Therapeutics Inc.  (KPTI),2834,0001193125-19-189004,KPTI
APPROVAL,1368514,2019-07-08,"ADMA BIOLOGICS, INC.  (ADMA)",2836,0001193805-19-000621,ADMA
APPROVAL,1551152,2019-07-26,AbbVie Inc.  (ABBV),2834,0001551152-19-000021,ABBV
APPROVAL,914475,2019-07-29,NEUROCRINE BIOSCIENCES INC  (NBIX),2836,0001564590-19-026585,NBIX
APPROVAL,310158,2019-07-30,"Merck & Co., Inc.  (MRK)",2834,0001104659-19-042471,MRK
APPROVAL,1561743,2019-08-01,"Kindred Biosciences, Inc.",2834,0001561743-19-000052,
APPROVAL,1596946,2019-08-05,Quotient Ltd,2835,0001564590-19-028531,
APPROVAL,1368514,2019-08-08,"ADMA BIOLOGICS, INC.  (ADMA)",2836,0001193805-19-000714,ADMA
CRL,1479419,2019-08-08,"Kala Pharmaceuticals, Inc.  (KALA)",2834,0001104659-19-044885,KALA
APPROVAL,1517022,2019-08-08,"Akebia Therapeutics, Inc.  (AKBA)",2834,0001193125-19-216112,AKBA
APPROVAL,1595097,2019-08-08,"Corbus Pharmaceuticals Holdings, Inc.  (CRBP)",2834,0001493152-19-011831,CRBP
CRL,1689813,2019-08-08,Biohaven Pharmaceutical Holding Co Ltd.,2834,0001689813-19-000046,
APPROVAL,1429260,2019-08-09,"Fortress Biotech, Inc.  (FBIO, FBIOP)",2834,0001144204-19-038918,FBIOP
CRL,1689813,2019-08-09,Biohaven Pharmaceutical Holding Co Ltd.,2834,0001689813-19-000055,
APPROVAL,1659617,2019-08-16,"Moleculin Biotech, Inc.  (MBRX)",2834,0001659617-19-000145,MBRX
CRL,1347178,2019-08-19,Vanda Pharmaceuticals Inc.  (VNDA),2834,0001193125-19-224024,VNDA
APPROVAL,1641640,2019-08-19,Nabriva Therapeutics plc,2834,0001104659-19-046525,
CRL,873303,2019-08-20,"Sarepta Therapeutics, Inc.  (SRPT)",2834,0001564590-19-032588,SRPT
APPROVAL,1595893,2019-09-03,"Turning Point Therapeutics, Inc.",2834,0001193125-19-236665,
APPROVAL,1641640,2019-09-09,Nabriva Therapeutics plc,2834,0001104659-19-049328,
APPROVAL,1437402,2019-09-13,"ARDELYX, INC.  (ARDX)",2834,0001558370-19-008604,ARDX
APPROVAL,1368514,2019-09-23,"ADMA BIOLOGICS, INC.  (ADMA)",2836,0001193805-19-000839,ADMA
APPROVAL,1689813,2019-10-03,Biohaven Pharmaceutical Holding Co Ltd.,2834,0001410578-19-001524,
APPROVAL,1478121,2019-10-07,Pfenex Inc.,2834,0001193125-19-263217,
APPROVAL,1358762,2019-10-16,REATA PHARMACEUTICALS INC,2834,0001564590-19-037025,
APPROVAL,1606645,2019-10-18,Foamix Pharmaceuticals Ltd.,2833,0001178913-19-002491,
CRL,1005201,2019-10-21,"Assertio Therapeutics, Inc",2834,0001005201-19-000115,
APPROVAL,1082554,2019-10-21,UNITED THERAPEUTICS Corp  (UTHR),2834,0001104659-19-055064,UTHR
APPROVAL,1710340,2019-10-22,"Eton Pharmaceuticals, Inc.  (ETON)",2834,0001493152-19-015787,ETON
APPROVAL,818033,2019-10-22,"HERON THERAPEUTICS, INC. /DE/  (HRTX)",2834,0001564590-19-037287,HRTX
APPROVAL,1461993,2019-10-24,"MELINTA THERAPEUTICS, INC. /NEW/",2834,0001461993-19-000047,
APPROVAL,310158,2019-10-29,"Merck & Co., Inc.  (MRK)",2834,0001104659-19-057074,MRK
APPROVAL,914475,2019-11-04,NEUROCRINE BIOSCIENCES INC  (NBIX),2836,0001564590-19-039789,NBIX
APPROVAL,1578845,2019-11-05,Allergan plc,2834,0001104659-19-059814,
APPROVAL,1023024,2019-11-06,ANI PHARMACEUTICALS INC  (ANIP),2834,0001104659-19-060284,ANIP
APPROVAL,1280600,2019-11-08,ACCELERON PHARMA INC,2836,0001280600-19-000055,
CRL,1535955,2019-11-12,Lipocine Inc.  (LPCN),2834,0001104659-19-061976,LPCN
APPROVAL,1561743,2019-11-12,"Kindred Biosciences, Inc.",2834,0001561743-19-000061,
APPROVAL,1606645,2019-11-12,Foamix Pharmaceuticals Ltd.,2833,0001178913-19-002664,
APPROVAL,1659617,2019-11-12,"Moleculin Biotech, Inc.  (MBRX)",2834,0001659617-19-000173,MBRX
APPROVAL,1398733,2019-11-25,"Aquestive Therapeutics, Inc.  (AQST)",2834,0001140361-19-021280,AQST
CRL,887247,2019-11-25,Adamis Pharmaceuticals Corp  (DMKPQ),2834,0001387131-19-008996,
APPROVAL,873303,2019-12-13,"Sarepta Therapeutics, Inc.  (SRPT)",2834,0001564590-19-045957,SRPT
APPROVAL,1012477,2019-12-16,AVADEL PHARMACEUTICALS PLC  (AVDL),2834,0001104659-19-072792,
APPROVAL,1567514,2019-12-23,"Intra-Cellular Therapies, Inc.  (ITCI)",2834,0001193125-19-321816,
APPROVAL,1419600,2019-12-26,Flexion Therapeutics Inc,2834,0001193125-19-323480,
APPROVAL,1497504,2020-01-06,PLx Pharma Inc.,2834,0000921895-20-000025,
APPROVAL,1567514,2020-01-06,"Intra-Cellular Therapies, Inc.  (ITCI)",2834,0001193125-20-002249,
APPROVAL,1597264,2020-01-09,Blueprint Medicines Corp  (BPMC),2834,0001558370-20-000102,
APPROVAL,1606645,2020-01-09,Foamix Pharmaceuticals Ltd.,2833,0001104659-20-002722,
APPROVAL,1087294,2020-01-10,CUMBERLAND PHARMACEUTICALS INC  (CPIX),2834,0001628280-20-000294,CPIX
APPROVAL,1654151,2020-01-13,"Deciphera Pharmaceuticals, Inc.",2834,0001193125-20-006003,
APPROVAL,1689813,2020-01-13,Biohaven Pharmaceutical Holding Co Ltd.,2834,0001104659-20-003210,
CRL,873303,2020-01-13,"Sarepta Therapeutics, Inc.  (SRPT)",2834,0001564590-20-000941,SRPT
APPROVAL,1606645,2020-01-14,Foamix Pharmaceuticals Ltd.,2833,0001104659-20-003639,
APPROVAL,1337553,2020-01-21,AERIE PHARMACEUTICALS INC,2836,0001193125-20-010537,
APPROVAL,1492426,2020-01-21,Horizon Therapeutics Public Ltd Co,2834,0001193125-20-011156,
APPROVAL,78003,2020-01-28,PFIZER INC  (PFE),2834,0000078003-20-000003,PFE
APPROVAL,310158,2020-02-05,"Merck & Co., Inc.  (MRK)",2834,0001104659-20-010958,MRK
APPROVAL,881524,2020-02-05,VIVUS INC,2834,0001104659-20-011000,
APPROVAL,849636,2020-02-12,RespireRx Pharmaceuticals Inc.  (RSPI),2834,0001493152-20-002017,
APPROVAL,1520262,2020-02-13,Alkermes plc.  (ALKS),2834,0001564590-20-004474,ALKS
APPROVAL,1261249,2020-02-18,"AGILE THERAPEUTICS INC  (AGRX, AGXRW)",2834,0001104659-20-022281,
APPROVAL,1261249,2020-02-20,"AGILE THERAPEUTICS INC  (AGRX, AGXRW)",2834,0001104659-20-023400,
APPROVAL,1571498,2020-02-24,"Epizyme, Inc.",2834,0001193125-20-045439,
APPROVAL,1631650,2020-02-27,"Aimmune Therapeutics, Inc.",2834,0001564590-20-007372,
APPROVAL,1689813,2020-02-28,Biohaven Pharmaceutical Holding Co Ltd.,2834,0001104659-20-027268,
APPROVAL,881524,2020-03-06,VIVUS INC,2834,0001104659-20-030185,
APPROVAL,1566044,2020-03-12,Menlo Therapeutics Inc.  (VYNE),2834,0001104659-20-032148,YARW
APPROVAL,1606645,2020-03-12,Foamix Pharmaceuticals Ltd.,2833,0001178913-20-000788,
APPROVAL,1497504,2020-03-13,PLx Pharma Inc.,2834,0001193805-20-000356,
APPROVAL,1087294,2020-03-18,CUMBERLAND PHARMACEUTICALS INC  (CPIX),2834,0001628280-20-003774,CPIX
APPROVAL,1659617,2020-03-19,"Moleculin Biotech, Inc.  (MBRX)",2834,0001659617-20-000068,MBRX
APPROVAL,794172,2020-04-03,MERIDIAN BIOSCIENCE INC,2835,0001193125-20-097334,
APPROVAL,1280600,2020-04-06,ACCELERON PHARMA INC,2836,0001280600-20-000020,
APPROVAL,722830,2020-04-22,IMMUNOMEDICS INC,2835,0001171843-20-002751,
APPROVAL,310158,2020-04-28,"Merck & Co., Inc.  (MRK)",2834,0001104659-20-051922,MRK
APPROVAL,1571498,2020-05-04,"Epizyme, Inc.",2834,0001193125-20-131670,
APPROVAL,1261249,2020-05-05,"AGILE THERAPEUTICS INC  (AGRX, AGXRW)",2834,0001558370-20-005192,
APPROVAL,914475,2020-05-06,NEUROCRINE BIOSCIENCES INC  (NBIX),2836,0001564590-20-021928,NBIX
APPROVAL,1585608,2020-05-08,"Jaguar Health, Inc.  (JAGX)",2834,0001104659-20-058890,JAGX
APPROVAL,1041024,2020-05-11,"ROCKWELL MEDICAL, INC.  (RMTI)",2834,0001628280-20-007440,RMTI
APPROVAL,1654151,2020-05-15,"Deciphera Pharmaceuticals, Inc.",2834,0001193125-20-144161,
APPROVAL,1497504,2020-05-18,PLx Pharma Inc.,2834,0000921895-20-001482,
APPROVAL,1087294,2020-05-20,CUMBERLAND PHARMACEUTICALS INC  (CPIX),2834,0001628280-20-008136,CPIX
APPROVAL,1618835,2020-05-22,"Evofem Biosciences, Inc.  (EVFM)",2834,0001618835-20-000149,EVFM
APPROVAL,722830,2020-05-27,IMMUNOMEDICS INC,2835,0001104659-20-066388,
APPROVAL,1566044,2020-05-29,Menlo Therapeutics Inc.  (VYNE),2834,0001104659-20-067562,YARW
APPROVAL,1126234,2020-06-01,"LUMOS PHARMA, INC.  (LUMO)",2834,0001140361-20-012764,
APPROVAL,1618835,2020-06-02,"Evofem Biosciences, Inc.  (EVFM)",2834,0001618835-20-000169,EVFM
APPROVAL,1689813,2020-06-02,Biohaven Pharmaceutical Holding Co Ltd.,2834,0001689813-20-000046,
APPROVAL,1734517,2020-06-12,"Viela Bio, Inc.",2834,0001193125-20-166885,
APPROVAL,1515673,2020-06-18,Ultragenyx Pharmaceutical Inc.  (RARE),2834,0001564590-20-029761,RARE
APPROVAL,1403708,2020-06-19,Evoke Pharma Inc  (EVOK),2834,0001564590-20-029929,
APPROVAL,1503802,2020-06-22,Karyopharm Therapeutics Inc.  (KPTI),2834,0001193125-20-175626,KPTI
CRL,1641640,2020-06-22,Nabriva Therapeutics plc,2834,0001104659-20-075453,
APPROVAL,1326110,2020-06-24,"NantKwest, Inc.  (IBRX)",2836,0001193125-20-177788,IBRX
APPROVAL,1671584,2020-06-25,Aptevo Therapeutics Inc.  (APVO),2834,0001193125-20-178467,APVO
APPROVAL,1339469,2020-06-26,"CHIASMA, INC",2834,0001193125-20-181099,
APPROVAL,1375151,2020-06-26,"ZOGENIX, INC.",2834,0001375151-20-000096,
APPROVAL,1041024,2020-06-29,"ROCKWELL MEDICAL, INC.  (RMTI)",2834,0001628280-20-009996,RMTI
CRL,1270073,2020-06-29,"INTERCEPT PHARMACEUTICALS, INC.",2834,0001104659-20-077691,
CRL,818033,2020-06-29,"HERON THERAPEUTICS, INC. /DE/  (HRTX)",2834,0001564590-20-031058,HRTX
APPROVAL,882104,2020-06-29,"PDL BIOPHARMA, INC.",2836,0000882104-20-000094,
APPROVAL,1515673,2020-06-30,Ultragenyx Pharmaceutical Inc.  (RARE),2834,0001564590-20-031245,RARE
APPROVAL,1398733,2020-07-02,"Aquestive Therapeutics, Inc.  (AQST)",2834,0001140361-20-015330,AQST
APPROVAL,722830,2020-07-06,IMMUNOMEDICS INC,2835,0001171843-20-004747,
APPROVAL,1041024,2020-07-13,"ROCKWELL MEDICAL, INC.  (RMTI)",2834,0001628280-20-010309,RMTI
APPROVAL,875622,2020-07-20,BIOSPECIFICS TECHNOLOGIES CORP,2834,0001193125-20-195100,
APPROVAL,78003,2020-07-28,PFIZER INC  (PFE),2834,0000078003-20-000056,PFE
CRL,310158,2020-07-31,"Merck & Co., Inc.  (MRK)",2834,0001104659-20-088675,MRK
APPROVAL,310158,2020-07-31,"Merck & Co., Inc.  (MRK)",2834,0001104659-20-088675,MRK
APPROVAL,914475,2020-08-03,NEUROCRINE BIOSCIENCES INC  (NBIX),2836,0000914475-20-000017,NBIX
APPROVAL,879169,2020-08-04,INCYTE CORP  (INCY),8731,0001104659-20-089933,INCY
APPROVAL,1375151,2020-08-05,"ZOGENIX, INC.",2834,0001375151-20-000123,
APPROVAL,722830,2020-08-05,IMMUNOMEDICS INC,2835,0001171843-20-005563,
APPROVAL,1566044,2020-08-06,Menlo Therapeutics Inc.  (VYNE),2834,0001566044-20-000009,YARW
APPROVAL,1070081,2020-08-07,"PTC THERAPEUTICS, INC.  (PTCT)",2834,0001070081-20-000130,PTCT
APPROVAL,1159036,2020-08-10,"HALOZYME THERAPEUTICS, INC.  (HALO)",2836,0001159036-20-000036,HALO
APPROVAL,1339469,2020-08-10,"CHIASMA, INC",2834,0001193125-20-214957,
APPROVAL,1429560,2020-08-10,TREVENA INC  (TRVN),2834,0001104659-20-092325,
CRL,1211583,2020-08-11,FENNEC PHARMACEUTICALS INC.  (FENC),2836,0001104659-20-093089,FENC
APPROVAL,722830,2020-08-17,IMMUNOMEDICS INC,2835,0001171843-20-005961,
CRL,1595585,2020-08-24,"Tricida, Inc.",2834,0001595585-20-000118,
APPROVAL,1597264,2020-09-08,Blueprint Medicines Corp  (BPMC),2834,0001558370-20-011026,
APPROVAL,1517022,2020-09-11,"Akebia Therapeutics, Inc.  (AKBA)",2834,0001193125-20-244225,AKBA
APPROVAL,1337553,2020-09-15,AERIE PHARMACEUTICALS INC,2836,0001193125-20-245736,
APPROVAL,722830,2020-09-21,IMMUNOMEDICS INC,2835,0001171843-20-006524,
CRL,1398733,2020-09-25,"Aquestive Therapeutics, Inc.  (AQST)",2834,0001140361-20-021614,AQST
APPROVAL,1710340,2020-09-25,"Eton Pharmaceuticals, Inc.  (ETON)",2834,0001493152-20-018322,ETON
APPROVAL,1599298,2020-09-29,Summit Therapeutics Inc.  (SMMT),2834,0001599298-20-000039,SMMT
APPROVAL,1710340,2020-09-30,"Eton Pharmaceuticals, Inc.  (ETON)",2834,0001493152-20-018576,ETON
APPROVAL,1566044,2020-10-01,VYNE Therapeutics Inc.  (VYNE),2834,0001104659-20-110704,YARW
APPROVAL,887247,2020-10-05,Adamis Pharmaceuticals Corp  (DMKPQ),2834,0001387131-20-008772,
APPROVAL,1566044,2020-10-07,VYNE Therapeutics Inc.  (VYNE),2834,0001104659-20-113070,YARW
APPROVAL,850261,2020-10-07,"Sorrento Therapeutics, Inc.  (SRNE)",2836,0001104659-20-112830,
APPROVAL,907654,2020-10-07,"ARCA biopharma, Inc.  (ABIO, ORKA)",2835,0001564590-20-045968,ORKA
CRL,1644963,2020-10-13,"AVENUE THERAPEUTICS, INC.  (ATXI)",2834,0001104659-20-114095,ATXI
APPROVAL,200406,2020-10-13,JOHNSON & JOHNSON  (JNJ),2834,0000200406-20-000054,JNJ
APPROVAL,1802665,2020-10-14,"Harmony Biosciences Holdings, Inc.  (HRMY)",2834,0001193125-20-269024,HRMY
APPROVAL,882095,2020-10-23,GILEAD SCIENCES INC  (GILD),2836,0001104659-20-117765,GILD
APPROVAL,1479419,2020-10-27,"Kala Pharmaceuticals, Inc.  (KALA)",2834,0001558370-20-011765,KALA
APPROVAL,318154,2020-10-28,AMGEN INC  (AMGN),2836,0000318154-20-000058,AMGN
APPROVAL,1444307,2020-10-29,ONCOSEC MEDICAL Inc  (ONCSQ),2834,0001493152-20-020139,
APPROVAL,1597264,2020-10-29,Blueprint Medicines Corp  (BPMC),2834,0001558370-20-011983,
APPROVAL,1337553,2020-11-05,AERIE PHARMACEUTICALS INC,2836,0001628280-20-015730,
APPROVAL,1739104,2020-11-06,Elanco Animal Health Inc  (ELAN),2834,0001104659-20-122127,ELAN
CRL,1429260,2020-11-09,"Fortress Biotech, Inc.  (FBIO, FBIOP)",2834,0001104659-20-123101,FBIOP
APPROVAL,875622,2020-11-09,BIOSPECIFICS TECHNOLOGIES CORP,2834,0001193125-20-288539,
CRL,1356576,2020-11-10,"SUPERNUS PHARMACEUTICALS, INC.  (SUPN)",2834,0001356576-20-000079,SUPN
APPROVAL,1664710,2020-11-10,"Keros Therapeutics, Inc.  (KROS)",2834,0001664710-20-000051,KROS
APPROVAL,1802665,2020-11-12,"Harmony Biosciences Holdings, Inc.  (HRMY)",2834,0001193125-20-291093,HRMY
CRL,887247,2020-11-16,Adamis Pharmaceuticals Corp  (DMKPQ),2834,0001387131-20-010040,
CRL,1520262,2020-11-17,Alkermes plc.  (ALKS),2834,0001564590-20-054254,ALKS
APPROVAL,1339469,2020-11-18,"CHIASMA, INC",2834,0001193125-20-296516,
APPROVAL,1521036,2020-11-18,"Lantheus Holdings, Inc.  (LNTH)",2835,0001193125-20-296976,LNTH
APPROVAL,1710340,2020-11-24,"Eton Pharmaceuticals, Inc.  (ETON)",2834,0001832154-20-000004,ETON
APPROVAL,1722964,2020-11-25,"Y-mAbs Therapeutics, Inc.  (YMAB)",2834,0001104659-20-129664,
APPROVAL,1597264,2020-12-01,Blueprint Medicines Corp  (BPMC),2834,0001558370-20-014130,
APPROVAL,1659617,2020-12-01,"Moleculin Biotech, Inc.  (MBRX)",2834,0001437749-20-024647,MBRX
APPROVAL,1347178,2020-12-02,Vanda Pharmaceuticals Inc.  (VNDA),2834,0001193125-20-307818,VNDA
APPROVAL,875622,2020-12-02,BIOSPECIFICS TECHNOLOGIES CORP,2834,0001193125-20-307955,
APPROVAL,882796,2020-12-04,BIOCRYST PHARMACEUTICALS INC  (BCRX),2836,0001171843-20-008353,BCRX
CRL,1604950,2020-12-07,scPharmaceuticals Inc.  (SCPH),2834,0001193125-20-311231,
APPROVAL,1535955,2020-12-09,Lipocine Inc.  (LPCN),2834,0001104659-20-133331,LPCN
APPROVAL,1087294,2020-12-10,CUMBERLAND PHARMACEUTICALS INC  (CPIX),2834,0001628280-20-017370,CPIX
APPROVAL,1759425,2020-12-10,"Mirum Pharmaceuticals, Inc.  (MIRM)",2834,0001564590-20-056643,MIRM
APPROVAL,925741,2020-12-14,"BioCardia, Inc.  (BCDA)",2836,0001437749-20-025263,BCDA
APPROVAL,1125345,2020-12-16,MACROGENICS INC  (MGNX),2834,0001125345-20-000160,MGNX
APPROVAL,1503802,2020-12-18,Karyopharm Therapeutics Inc.  (KPTI),2834,0001193125-20-321067,KPTI
APPROVAL,1722964,2020-12-18,"Y-mAbs Therapeutics, Inc.  (YMAB)",2834,0001104659-20-137194,
APPROVAL,1439222,2020-12-21,"AGIOS PHARMACEUTICALS, INC.  (AGIO)",2834,0001193125-20-322280,AGIO
APPROVAL,1355250,2020-12-22,Innovation Pharmaceuticals Inc.  (IPIX),2834,0001477932-20-007426,
APPROVAL,1740547,2020-12-23,Urovant Sciences Ltd.,2834,0001193125-20-325982,
CRL,1739426,2020-12-29,Osmotica Pharmaceuticals plc  (RVLPQ),2834,0001104659-20-140206,
APPROVAL,1339469,2021-01-06,"CHIASMA, INC",2834,0001193125-21-003177,
APPROVAL,1643301,2021-01-06,Cure Pharmaceutical Holding Corp.  (AVRW),2834,0001477932-21-000047,
APPROVAL,1446847,2021-01-11,IRONWOOD PHARMACEUTICALS INC  (IRWD),2834,0001104659-21-002706,IRWD
APPROVAL,1082554,2021-01-13,UNITED THERAPEUTICS Corp  (UTHR),2834,0001104659-21-003903,UTHR
APPROVAL,1600620,2021-01-25,Aurinia Pharmaceuticals Inc.  (AUPH),2834,0001628280-21-000758,AUPH
APPROVAL,887247,2021-01-28,Adamis Pharmaceuticals Corp  (DMKPQ),2834,0001387131-21-001362,
APPROVAL,1082038,2021-02-02,DURECT CORP  (DRRX),2834,0001564590-21-003678,
APPROVAL,318154,2021-02-02,AMGEN INC  (AMGN),2836,0000318154-21-000005,AMGN
CRL,827871,2021-02-02,"EAGLE PHARMACEUTICALS, INC.  (EGRX)",2834,0001104659-21-010565,
APPROVAL,882796,2021-02-03,BIOCRYST PHARMACEUTICALS INC  (BCRX),2836,0001171843-21-000698,BCRX
APPROVAL,886163,2021-02-03,"LIGAND PHARMACEUTICALS INC  (LGND, LGNDZ, LGNXZ, LGNYZ, LGNZZ)",2834,0000886163-21-000022,LGNZZ
APPROVAL,1566373,2021-02-05,"F-star Therapeutics, Inc.",2834,0001193125-21-030817,
APPROVAL,1001316,2021-02-08,"TG THERAPEUTICS, INC.  (TGTX)",2834,0001558370-21-000791,TGTX
APPROVAL,1347178,2021-02-10,Vanda Pharmaceuticals Inc.  (VNDA),2834,0001347178-21-000002,VNDA
APPROVAL,1430306,2021-02-10,Tonix Pharmaceuticals Holding Corp.  (TNXP),2834,0001387131-21-001960,TNXP
APPROVAL,1679082,2021-02-11,Myovant Sciences Ltd.,2834,0001679082-21-000008,
APPROVAL,1560241,2021-02-16,"G1 Therapeutics, Inc.  (GTHX)",2834,0001193125-21-043247,
APPROVAL,1430306,2021-02-19,Tonix Pharmaceuticals Holding Corp.  (TNXP),2834,0001387131-21-002709,TNXP
CRL,1300699,2021-03-01,"Athenex, Inc.",2834,0001193125-21-062270,
CRL,1410098,2021-03-01,CorMedix Inc.  (CRMD),2834,0001213900-21-012383,CRMD
APPROVAL,1649904,2021-03-01,"RHYTHM PHARMACEUTICALS, INC.  (RYTM)",2834,0001104659-21-029719,RYTM
APPROVAL,1689813,2021-03-01,Biohaven Pharmaceutical Holding Co Ltd.,2834,0001689813-21-000017,
APPROVAL,1430306,2021-03-03,Tonix Pharmaceuticals Holding Corp.  (TNXP),2834,0001387131-21-003110,TNXP
APPROVAL,1434647,2021-03-03,"KEMPHARM, INC  (ZVRA)",2834,0001437749-21-004776,ZVRA
APPROVAL,1566044,2021-03-04,VYNE Therapeutics Inc.  (VYNE),2834,0001566044-21-000009,YARW
APPROVAL,1618835,2021-03-04,"Evofem Biosciences, Inc.  (EVFM)",2834,0001618835-21-000046,EVFM
APPROVAL,1325879,2021-03-10,"AVEO PHARMACEUTICALS, INC.",2834,0001193125-21-076328,
APPROVAL,1430306,2021-03-15,Tonix Pharmaceuticals Holding Corp.  (TNXP),2834,0001387131-21-003515,TNXP
APPROVAL,1325879,2021-03-16,"AVEO PHARMACEUTICALS, INC.",2834,0001564590-21-013612,
APPROVAL,1430306,2021-03-17,Tonix Pharmaceuticals Holding Corp.  (TNXP),2834,0001387131-21-003614,TNXP
APPROVAL,1430306,2021-03-22,Tonix Pharmaceuticals Holding Corp.  (TNXP),2834,0001387131-21-003769,TNXP
APPROVAL,1396814,2021-03-23,"Pacira BioSciences, Inc.  (PCRX)",2834,0001396814-21-000021,PCRX
APPROVAL,1802665,2021-03-25,"Harmony Biosciences Holdings, Inc.  (HRMY)",2834,0001193125-21-093436,HRMY
APPROVAL,1293971,2021-03-29,"bluebird bio, Inc.  (BLUE)",2836,0001293971-21-000027,
APPROVAL,1659617,2021-03-30,"Moleculin Biotech, Inc.  (MBRX)",2834,0001437749-21-007544,MBRX
APPROVAL,1082554,2021-04-01,UNITED THERAPEUTICS Corp  (UTHR),2834,0001104659-21-045097,UTHR
CRL,1070494,2021-04-05,ACADIA PHARMACEUTICALS INC  (ACAD),2834,0001193125-21-105632,ACAD
APPROVAL,1434647,2021-04-08,"KEMPHARM, INC  (ZVRA)",2834,0001437749-21-008560,ZVRA
APPROVAL,897448,2021-04-12,AMARIN CORP PLC\UK  (AMRN),2834,0001193125-21-113365,AMRN
APPROVAL,1175505,2021-04-15,"FIVE PRIME THERAPEUTICS, INC.",2834,0001193125-21-117841,
APPROVAL,1430306,2021-04-19,Tonix Pharmaceuticals Holding Corp.  (TNXP),2834,0001387131-21-004663,TNXP
APPROVAL,899460,2021-04-26,MANNKIND CORP  (MNKD),2834,0001193125-21-130221,MNKD
CRL,1006281,2021-04-28,"Protalix BioTherapeutics, Inc.  (PLX)",2836,0001558370-21-004976,PLX
APPROVAL,14272,2021-04-29,"BRISTOL MYERS SQUIBB CO  (BMY, BMYMP, CELG-RI)",2834,0000014272-21-000124,CELG-RI
APPROVAL,1597264,2021-04-29,Blueprint Medicines Corp  (BPMC),2834,0001558370-21-005175,
APPROVAL,897448,2021-04-29,AMARIN CORP PLC\UK  (AMRN),2834,0001564590-21-021567,AMRN
APPROVAL,1430306,2021-05-03,Tonix Pharmaceuticals Holding Corp.  (TNXP),2834,0001387131-21-005205,TNXP
APPROVAL,1649904,2021-05-03,"RHYTHM PHARMACEUTICALS, INC.  (RYTM)",2834,0001104659-21-059747,RYTM
APPROVAL,1566044,2021-05-06,VYNE Therapeutics Inc.  (VYNE),2834,0001566044-21-000024,YARW
APPROVAL,1325879,2021-05-10,"AVEO PHARMACEUTICALS, INC.",2834,0001564590-21-026035,
APPROVAL,1802665,2021-05-11,"Harmony Biosciences Holdings, Inc.  (HRMY)",2834,0001193125-21-157025,HRMY
CRL,1802768,2021-05-11,Royalty Pharma plc  (RPRX),2834,0001802768-21-000015,RPRX
APPROVAL,748592,2021-05-11,"Brooklyn ImmunoTherapeutics, Inc.  (ERNA)",2834,0001140361-21-016863,ERNAW
APPROVAL,1434647,2021-05-13,"KEMPHARM, INC  (ZVRA)",2834,0001437749-21-012062,ZVRA
APPROVAL,818033,2021-05-13,"HERON THERAPEUTICS, INC. /DE/  (HRTX)",2834,0001564590-21-027241,HRTX
APPROVAL,925741,2021-05-13,"BioCardia, Inc.  (BCDA)",2836,0001437749-21-011924,BCDA
APPROVAL,1722964,2021-05-19,"Y-mAbs Therapeutics, Inc.  (YMAB)",2834,0001104659-21-069337,
APPROVAL,1521036,2021-05-27,"Lantheus Holdings, Inc.  (LNTH)",2835,0001193125-21-174280,LNTH
CRL,1710340,2021-05-28,"Eton Pharmaceuticals, Inc.  (ETON)",2834,0001493152-21-013152,ETON
APPROVAL,1520262,2021-06-01,Alkermes plc.  (ALKS),2834,0001564590-21-030940,ALKS
APPROVAL,1689813,2021-06-01,Biohaven Pharmaceutical Holding Co Ltd.,2834,0001689813-21-000094,
APPROVAL,1710340,2021-06-15,"Eton Pharmaceuticals, Inc.  (ETON)",2834,0001493152-21-014410,ETON
APPROVAL,1597264,2021-06-16,Blueprint Medicines Corp  (BPMC),2834,0001104659-21-082076,
APPROVAL,1430306,2021-06-22,Tonix Pharmaceuticals Holding Corp.  (TNXP),2834,0001387131-21-006750,TNXP
APPROVAL,1430306,2021-06-28,Tonix Pharmaceuticals Holding Corp.  (TNXP),2834,0001387131-21-006912,TNXP
CRL,887359,2021-06-29,Vericel Corp  (VCEL),2836,0001104659-21-086855,VCEL
CRL,1695357,2021-07-06,"Provention Bio, Inc.",2834,0001493152-21-016153,
APPROVAL,1385508,2021-07-12,"OPIANT PHARMACEUTICALS, INC.",2834,0001385508-21-000092,
APPROVAL,1544227,2021-07-16,"Tempest Therapeutics, Inc.  (TPST)",2834,0001193125-21-217458,TPST
APPROVAL,1557142,2021-07-19,"Kadmon Holdings, Inc.",2834,0001557142-21-000062,
CRL,875045,2021-07-22,BIOGEN INC.  (BIIB),2836,0000875045-21-000041,BIIB
CRL,1659323,2021-07-26,Iterum Therapeutics plc  (ITRM),2834,0001564590-21-037933,
APPROVAL,14272,2021-07-28,"BRISTOL MYERS SQUIBB CO  (BMY, BMYMP, CELG-RI)",2834,0000014272-21-000184,CELG-RI
APPROVAL,1520262,2021-07-28,Alkermes plc.  (ALKS),2834,0001564590-21-038462,ALKS
APPROVAL,1597264,2021-07-29,Blueprint Medicines Corp  (BPMC),2834,0001558370-21-009545,
APPROVAL,886163,2021-07-29,"LIGAND PHARMACEUTICALS INC  (LGND, LGNDZ, LGNXZ, LGNYZ, LGNZZ)",2834,0000886163-21-000115,LGNZZ
CRL,1437402,2021-07-30,"ARDELYX, INC.  (ARDX)",2834,0001628280-21-014943,ARDX
APPROVAL,1551152,2021-07-30,AbbVie Inc.  (ABBV),2834,0001551152-21-000021,ABBV
APPROVAL,1430306,2021-08-02,Tonix Pharmaceuticals Holding Corp.  (TNXP),2834,0001387131-21-007968,TNXP
APPROVAL,897448,2021-08-05,AMARIN CORP PLC\UK  (AMRN),2834,0000950170-21-000843,AMRN
APPROVAL,1430306,2021-08-09,Tonix Pharmaceuticals Holding Corp.  (TNXP),2834,0001387131-21-008269,TNXP
APPROVAL,1689813,2021-08-09,Biohaven Pharmaceutical Holding Co Ltd.,2834,0001689813-21-000118,
APPROVAL,1087294,2021-08-10,CUMBERLAND PHARMACEUTICALS INC  (CPIX),2834,0001628280-21-016443,CPIX
CRL,1802768,2021-08-11,Royalty Pharma plc  (RPRX),2834,0001802768-21-000025,RPRX
APPROVAL,1802768,2021-08-11,Royalty Pharma plc  (RPRX),2834,0001802768-21-000025,RPRX
CRL,1485003,2021-08-13,"Sesen Bio, Inc.  (CARM)",2834,0001104659-21-105208,
APPROVAL,1710340,2021-08-16,"Eton Pharmaceuticals, Inc.  (ETON)",2834,0001493152-21-020195,ETON
APPROVAL,1346830,2021-08-23,"Cara Therapeutics, Inc.  (CARA)",2834,0001104659-21-108597,TVRD
APPROVAL,1430306,2021-08-24,Tonix Pharmaceuticals Holding Corp.  (TNXP),2834,0001839882-21-011650,TNXP
APPROVAL,1430306,2021-08-27,Tonix Pharmaceuticals Holding Corp.  (TNXP),2834,0001387131-21-009030,TNXP
APPROVAL,1739426,2021-09-08,Osmotica Pharmaceuticals plc  (RVLPQ),2834,0001104659-21-113594,
CRL,1660334,2021-09-20,Verrica Pharmaceuticals Inc.  (VRCA),2834,0001193125-21-277323,VRCA
APPROVAL,1689813,2021-09-27,Biohaven Pharmaceutical Holding Co Ltd.,2834,0001689813-21-000123,
APPROVAL,897448,2021-09-27,AMARIN CORP PLC\UK  (AMRN),2834,0001193125-21-283042,AMRN
APPROVAL,1635088,2021-09-28,Roivant Sciences Ltd.  (ROIV),2834,0001193125-21-284927,ROIV
APPROVAL,1759425,2021-09-29,"Mirum Pharmaceuticals, Inc.  (MIRM)",2834,0001193125-21-286815,MIRM
APPROVAL,1340652,2021-10-08,"ChemoCentryx, Inc.",2834,0001193125-21-295134,
CRL,1285819,2021-10-18,OMEROS CORP  (OMER),2834,0001558370-21-013245,OMER
APPROVAL,1720725,2021-10-18,"Oyster Point Pharma, Inc.",2836,0001720725-21-000081,
APPROVAL,887247,2021-10-18,Adamis Pharmaceuticals Corp  (DMKPQ),2834,0001387131-21-010061,
APPROVAL,1410939,2021-10-21,"IVERIC bio, Inc.",2834,0001410939-21-000045,
APPROVAL,1539029,2021-10-25,"Clearside Biomedical, Inc.  (CLSD)",2834,0000950170-21-002256,
APPROVAL,1710340,2021-10-28,"Eton Pharmaceuticals, Inc.  (ETON)",2834,0001493152-21-026566,ETON
APPROVAL,879169,2021-11-02,INCYTE CORP  (INCY),8731,0001558370-21-013984,INCY
APPROVAL,939767,2021-11-02,"EXELIXIS, INC.  (EXEL)",2836,0000939767-21-000096,EXEL
APPROVAL,897448,2021-11-03,AMARIN CORP PLC\UK  (AMRN),2834,0000950170-21-002719,AMRN
APPROVAL,1720725,2021-11-04,"Oyster Point Pharma, Inc.",2836,0001720725-21-000091,
APPROVAL,1710340,2021-11-08,"Eton Pharmaceuticals, Inc.  (ETON)",2834,0001493152-21-027456,ETON
APPROVAL,1340652,2021-11-09,"ChemoCentryx, Inc.",2834,0001193125-21-324510,
APPROVAL,1539029,2021-11-10,"Clearside Biomedical, Inc.  (CLSD)",2834,0000950170-21-004087,
APPROVAL,1759425,2021-11-15,"Mirum Pharmaceuticals, Inc.  (MIRM)",2834,0000950170-21-004584,MIRM
APPROVAL,1422142,2021-11-23,"Aadi Bioscience, Inc.  (AADI)",2834,0001193125-21-337294,WHWK
CRL,1211583,2021-11-30,FENNEC PHARMACEUTICALS INC.  (FENC),2836,0001104659-21-144897,FENC
APPROVAL,1087294,2021-12-01,CUMBERLAND PHARMACEUTICALS INC  (CPIX),2834,0001628280-21-024264,CPIX
APPROVAL,1368514,2021-12-01,"ADMA BIOLOGICS, INC.  (ADMA)",2836,0001140361-21-040002,ADMA
APPROVAL,764195,2021-12-01,VBI Vaccines Inc/BC  (VBIVQ),2834,0001493152-21-030147,
APPROVAL,818033,2021-12-09,"HERON THERAPEUTICS, INC. /DE/  (HRTX)",2834,0001564590-21-059819,HRTX
APPROVAL,827871,2021-12-15,"EAGLE PHARMACEUTICALS, INC.  (EGRX)",2834,0001104659-21-149951,
APPROVAL,1567514,2021-12-20,"Intra-Cellular Therapies, Inc.  (ITCI)",2834,0001193125-21-361725,
APPROVAL,1087294,2022-01-06,CUMBERLAND PHARMACEUTICALS INC  (CPIX),2834,0001628280-22-000440,CPIX
APPROVAL,1560241,2022-01-10,"G1 Therapeutics, Inc.  (GTHX)",2834,0001193125-22-005026,
APPROVAL,1629137,2022-01-10,"Global Blood Therapeutics, Inc.",2834,0001171843-22-000175,
APPROVAL,897448,2022-01-10,AMARIN CORP PLC\UK  (AMRN),2834,0000950170-22-000201,AMRN
APPROVAL,1759425,2022-01-11,"Mirum Pharmaceuticals, Inc.  (MIRM)",2834,0001193125-22-006385,MIRM
APPROVAL,1076682,2022-01-18,"POLARITYTE, INC.  (RGTPQ)",2836,0001493152-22-001413,
APPROVAL,310158,2022-02-03,"Merck & Co., Inc.  (MRK)",2834,0001104659-22-011130,MRK
APPROVAL,1321834,2022-02-08,"MyMD Pharmaceuticals, Inc.  (TNFA)",2835,0001493152-22-003424,QCLS
APPROVAL,78003,2022-02-08,PFIZER INC  (PFE),2834,0000078003-22-000003,PFE
APPROVAL,879169,2022-02-08,INCYTE CORP  (INCY),8731,0001558370-22-000883,INCY
APPROVAL,863894,2022-02-09,VERU INC.  (VERU),2834,0001193125-22-031804,VERU
APPROVAL,886163,2022-02-17,"LIGAND PHARMACEUTICALS INC  (LGND, LGNDZ, LGNXZ, LGNYZ, LGNZZ)",2834,0000886163-22-000026,LGNZZ
APPROVAL,1321834,2022-02-23,"MyMD Pharmaceuticals, Inc.  (TNFA)",2835,0001493152-22-005201,QCLS
APPROVAL,1396814,2022-02-24,"Pacira BioSciences, Inc.  (PCRX)",2834,0001396814-22-000018,PCRX
APPROVAL,1439222,2022-02-24,"AGIOS PHARMACEUTICALS, INC.  (AGIO)",2834,0001193125-22-051106,AGIO
APPROVAL,1720725,2022-02-24,"Oyster Point Pharma, Inc.",2836,0001720725-22-000026,
APPROVAL,1689813,2022-02-25,Biohaven Pharmaceutical Holding Co Ltd.,2834,0001689813-22-000012,
CRL,1358762,2022-02-28,REATA PHARMACEUTICALS INC,2834,0001564590-22-007336,
APPROVAL,818033,2022-02-28,"HERON THERAPEUTICS, INC. /DE/  (HRTX)",2834,0001564590-22-007608,HRTX
APPROVAL,897448,2022-03-01,AMARIN CORP PLC\UK  (AMRN),2834,0000950170-22-002396,AMRN
APPROVAL,1831283,2022-03-02,LianBio  (LIANY),2834,0001831283-22-000005,LIANY
APPROVAL,891293,2022-03-02,CTI BIOPHARMA CORP,2834,0001193125-22-061828,
APPROVAL,1087294,2022-03-08,CUMBERLAND PHARMACEUTICALS INC  (CPIX),2834,0001628280-22-005405,CPIX
APPROVAL,1394319,2022-03-15,"Tracon Pharmaceuticals, Inc.  (TCON)",2836,0001564590-22-010384,
APPROVAL,1300699,2022-03-16,"Athenex, Inc.",2834,0001193125-22-077351,
APPROVAL,1267813,2022-03-18,MARINUS PHARMACEUTICALS INC  (MRNS),2834,0001104659-22-035671,
APPROVAL,1267813,2022-03-21,MARINUS PHARMACEUTICALS INC  (MRNS),2834,0001104659-22-035856,
APPROVAL,1385818,2022-03-23,"AYTU BIOPHARMA, INC  (AYTU)",2834,0001558370-22-004113,AYTU
APPROVAL,818033,2022-03-25,"HERON THERAPEUTICS, INC. /DE/  (HRTX)",2834,0001564590-22-011751,HRTX
APPROVAL,1535955,2022-03-29,Lipocine Inc.  (LPCN),2834,0001493152-22-007949,LPCN
APPROVAL,764195,2022-03-29,VBI Vaccines Inc/BC  (VBIVQ),2834,0001493152-22-007953,
APPROVAL,1401914,2022-03-31,"Dare Bioscience, Inc.  (DARE)",2834,0001401914-22-000022,DARE
APPROVAL,887247,2022-03-31,Adamis Pharmaceuticals Corp  (DMKPQ),2834,0001387131-22-004489,
APPROVAL,850261,2022-04-04,"Sorrento Therapeutics, Inc.  (SRNE)",2836,0001104659-22-041997,
APPROVAL,1012477,2022-04-05,AVADEL PHARMACEUTICALS PLC  (AVDL),2834,0001104659-22-042865,
APPROVAL,1710340,2022-04-11,"Eton Pharmaceuticals, Inc.  (ETON)",2834,0001493152-22-009540,ETON
APPROVAL,925741,2022-04-12,"BioCardia, Inc.  (BCDA)",2836,0001437749-22-008711,BCDA
APPROVAL,1476963,2022-04-20,"HEAT BIOLOGICS, INC.  (SCPX)",2834,0001079973-22-000456,
APPROVAL,1800,2022-04-20,ABBOTT LABORATORIES  (ABT),2834,0001104659-22-047560,ABT
APPROVAL,1504167,2022-04-25,"Timber Pharmaceuticals, Inc.",2834,0001558370-22-005898,
APPROVAL,1567514,2022-04-25,"Intra-Cellular Therapies, Inc.  (ITCI)",2834,0001193125-22-116303,
APPROVAL,850261,2022-04-28,"Sorrento Therapeutics, Inc.  (SRNE)",2836,0001104659-22-051721,
CRL,1579428,2022-05-02,"Axsome Therapeutics, Inc.  (AXSM)",2834,0000950170-22-006770,AXSM
APPROVAL,1682852,2022-05-04,"Moderna, Inc.  (MRNA)",2836,0001682852-22-000020,MRNA
APPROVAL,897448,2022-05-04,AMARIN CORP PLC\UK  (AMRN),2834,0000950170-22-007190,AMRN
APPROVAL,818033,2022-05-09,"HERON THERAPEUTICS, INC. /DE/  (HRTX)",2834,0001564590-22-018871,HRTX
APPROVAL,1087294,2022-05-10,CUMBERLAND PHARMACEUTICALS INC  (CPIX),2834,0001628280-22-013656,CPIX
APPROVAL,1831283,2022-05-12,LianBio  (LIANY),2834,0001831283-22-000037,LIANY
APPROVAL,863894,2022-05-12,VERU INC.  (VERU),2834,0001193125-22-148039,VERU
APPROVAL,1117480,2022-05-16,CHIMERIX INC  (CMRX),2834,0001117480-22-000019,
APPROVAL,1367644,2022-05-16,Emergent BioSolutions Inc.  (EBS),2834,0001367644-22-000072,EBS
APPROVAL,1434647,2022-05-16,"KEMPHARM, INC  (ZVRA)",2834,0001193125-22-150975,ZVRA
APPROVAL,1082554,2022-05-24,UNITED THERAPEUTICS Corp  (UTHR),2834,0001104659-22-064024,UTHR
APPROVAL,1635088,2022-05-24,Roivant Sciences Ltd.  (ROIV),2834,0001193125-22-158029,ROIV
CRL,1660334,2022-05-25,Verrica Pharmaceuticals Inc.  (VRCA),2834,0001193125-22-159075,VRCA
APPROVAL,1824884,2022-05-25,Edoc Acquisition Corp.,2836,0001213900-22-029354,
APPROVAL,1404281,2022-05-31,"Eledon Pharmaceuticals, Inc.  (ELDN)",2834,0000950170-22-010890,ELDN
APPROVAL,850261,2022-06-03,"Sorrento Therapeutics, Inc.  (SRNE)",2836,0001104659-22-067885,
APPROVAL,897448,2022-06-06,AMARIN CORP PLC\UK  (AMRN),2834,0001193125-22-168396,AMRN
APPROVAL,1430306,2022-06-08,Tonix Pharmaceuticals Holding Corp.  (TNXP),2834,0001387131-22-006817,TNXP
APPROVAL,818033,2022-06-14,"HERON THERAPEUTICS, INC. /DE/  (HRTX)",2834,0001564590-22-023137,HRTX
APPROVAL,850261,2022-06-14,"Sorrento Therapeutics, Inc.  (SRNE)",2836,0001104659-22-070936,
CRL,1701108,2022-06-27,"Spero Therapeutics, Inc.  (SPRO)",2834,0001193125-22-182828,SPRO
APPROVAL,1401914,2022-06-30,"Dare Bioscience, Inc.  (DARE)",2834,0001493152-22-018170,DARE
APPROVAL,1597264,2022-06-30,Blueprint Medicines Corp  (BPMC),2834,0001104659-22-076292,
APPROVAL,1820190,2022-07-05,"Vickers Vantage Corp. I  (SCLX, SCLXW)",2836,0001213900-22-036989,SCLXW
APPROVAL,1710340,2022-07-18,"Eton Pharmaceuticals, Inc.  (ETON)",2834,0001493152-22-019529,ETON
APPROVAL,1638097,2022-08-01,Entera Bio Ltd.  (ENTX),2836,0001178913-22-002842,ENTX
APPROVAL,1649904,2022-08-02,"RHYTHM PHARMACEUTICALS, INC.  (RYTM)",2834,0001104659-22-084960,RYTM
APPROVAL,1787306,2022-08-02,"Arcutis Biotherapeutics, Inc.  (ARQT)",2834,0001628280-22-020207,ARQT
APPROVAL,897448,2022-08-03,AMARIN CORP PLC\UK  (AMRN),2834,0000950170-22-014007,AMRN
APPROVAL,1512762,2022-08-04,"Coherus BioSciences, Inc.  (CHRS)",2836,0001558370-22-012225,CHRS
APPROVAL,1783032,2022-08-04,"Elevation Oncology, Inc.  (ELEV)",2836,0001558370-22-012064,
APPROVAL,1477845,2022-08-08,"Annovis Bio, Inc.  (ANVS)",2834,0001104659-22-086948,ANVS
APPROVAL,886163,2022-08-08,"LIGAND PHARMACEUTICALS INC  (LGND, LGNDZ, LGNXZ, LGNYZ, LGNZZ)",2834,0000886163-22-000113,LGNZZ
APPROVAL,1087294,2022-08-09,CUMBERLAND PHARMACEUTICALS INC  (CPIX),2834,0001628280-22-021989,CPIX
APPROVAL,1720893,2022-08-09,"BioXcel Therapeutics, Inc.  (BTAI)",2834,0001104659-22-087584,BTAI
APPROVAL,1293971,2022-08-17,"bluebird bio, Inc.  (BLUE)",2836,0001293971-22-000051,
APPROVAL,1579428,2022-08-19,"Axsome Therapeutics, Inc.  (AXSM)",2834,0001193125-22-224610,AXSM
APPROVAL,1479290,2022-09-08,"Revance Therapeutics, Inc.  (RVNC)",2834,0001479290-22-000085,
APPROVAL,831547,2022-09-12,SPECTRUM PHARMACEUTICALS INC,2834,0001193125-22-242330,
APPROVAL,818033,2022-09-19,"HERON THERAPEUTICS, INC. /DE/  (HRTX)",2834,0001564590-22-031836,HRTX
APPROVAL,1211583,2022-09-21,FENNEC PHARMACEUTICALS INC.  (FENC),2836,0001104659-22-101910,FENC
APPROVAL,831547,2022-09-23,SPECTRUM PHARMACEUTICALS INC,2834,0001193125-22-250274,
APPROVAL,1367644,2022-09-26,Emergent BioSolutions Inc.  (EBS),2834,0001367644-22-000135,EBS
APPROVAL,1369568,2022-09-29,"CATALYST PHARMACEUTICALS, INC.  (CPRX)",2834,0001193125-22-254346,
APPROVAL,850261,2022-09-29,"Sorrento Therapeutics, Inc.  (SRNE)",2836,0001104659-22-103907,
APPROVAL,1658551,2022-09-30,"Amylyx Pharmaceuticals, Inc.  (AMLX)",2834,0001193125-22-254838,AMLX
APPROVAL,1430306,2022-10-03,Tonix Pharmaceuticals Holding Corp.  (TNXP),2834,0001387131-22-010208,TNXP
CRL,1356576,2022-10-11,"SUPERNUS PHARMACEUTICALS, INC.  (SUPN)",2834,0001356576-22-000063,SUPN
APPROVAL,1604950,2022-10-14,scPharmaceuticals Inc.  (SCPH),2834,0001193125-22-262940,
APPROVAL,1211583,2022-10-17,FENNEC PHARMACEUTICALS INC.  (FENC),2836,0001104659-22-109063,FENC
APPROVAL,897448,2022-10-27,AMARIN CORP PLC\UK  (AMRN),2834,0000950170-22-020244,AMRN
APPROVAL,1087294,2022-11-08,CUMBERLAND PHARMACEUTICALS INC  (CPIX),2834,0001628280-22-028987,CPIX
APPROVAL,1479290,2022-11-08,"Revance Therapeutics, Inc.  (RVNC)",2834,0001479290-22-000100,
APPROVAL,818033,2022-11-08,"HERON THERAPEUTICS, INC. /DE/  (HRTX)",2834,0001564590-22-037038,HRTX
APPROVAL,1422142,2022-11-09,"Aadi Bioscience, Inc.  (AADI)",2834,0001193125-22-280757,WHWK
APPROVAL,1658551,2022-11-10,"Amylyx Pharmaceuticals, Inc.  (AMLX)",2834,0000950170-22-024448,AMLX
APPROVAL,1360214,2022-11-14,"HARROW HEALTH, INC.  (HROW, HROWL, HROWM)",2834,0001493152-22-032070,HROW
APPROVAL,1425205,2022-11-18,"IOVANCE BIOTHERAPEUTICS, INC.  (IOVA)",2836,0001104659-22-120278,IOVA
APPROVAL,1034842,2022-12-02,RIGEL PHARMACEUTICALS INC  (RIGL),2834,0001104659-22-123853,RIGL
APPROVAL,925741,2022-12-06,"BioCardia, Inc.  (BCDA)",2836,0001437749-22-028496,BCDA
APPROVAL,827871,2022-12-19,"EAGLE PHARMACEUTICALS, INC.  (EGRX)",2834,0001104659-22-128034,
APPROVAL,1069308,2022-12-27,Acer Therapeutics Inc.,2834,0001564590-22-039696,
APPROVAL,1001316,2022-12-28,"TG THERAPEUTICS, INC.  (TGTX)",2834,0001558370-22-019019,TGTX
APPROVAL,887359,2022-12-29,Vericel Corp  (VCEL),2836,0001104659-22-130934,VCEL
APPROVAL,1860782,2023-01-09,"2seventy bio, Inc.  (TSVT)",2834,0001860782-23-000010,
APPROVAL,855654,2023-01-09,"ImmunoGen, Inc.",2834,0001558370-23-000119,
APPROVAL,887359,2023-01-10,Vericel Corp  (VCEL),2836,0001104659-23-002721,VCEL
APPROVAL,897448,2023-01-10,AMARIN CORP PLC\UK  (AMRN),2834,0001193125-23-005718,AMRN
APPROVAL,1651308,2023-01-23,"BeiGene, Ltd.  (BGNE, BEIGF)",2834,0001651308-23-000022,BEIGF
APPROVAL,1820190,2023-01-30,"Scilex Holding Co  (SCLX, SCLXW)",2836,0001193125-23-018205,SCLXW
APPROVAL,1211583,2023-01-31,FENNEC PHARMACEUTICALS INC.  (FENC),2836,0001104659-23-008450,FENC
APPROVAL,1820190,2023-02-02,"Scilex Holding Co  (SCLX, SCLXW)",2836,0001193125-23-022773,SCLXW
APPROVAL,310158,2023-02-02,"Merck & Co., Inc.  (MRK)",2834,0001104659-23-009552,MRK
APPROVAL,882095,2023-02-02,"GILEAD SCIENCES, INC.  (GILD)",2836,0000882095-23-000003,GILD
APPROVAL,1060736,2023-02-15,Seagen Inc.,2836,0001060736-23-000007,
APPROVAL,850261,2023-02-22,"Sorrento Therapeutics, Inc.  (SRNE)",2836,0001104659-23-023902,
APPROVAL,886163,2023-02-22,"LIGAND PHARMACEUTICALS INC  (LGND, LGNDZ, LGNXZ, LGNYZ, LGNZZ)",2834,0000886163-23-000004,LGNZZ
APPROVAL,1597264,2023-02-23,Blueprint Medicines Corp  (BPMC),2834,0001104659-23-024756,
APPROVAL,887359,2023-02-23,Vericel Corp  (VCEL),2836,0001628280-23-004701,VCEL
APPROVAL,1358762,2023-02-28,REATA PHARMACEUTICALS INC,2834,0000950170-23-005219,
APPROVAL,1860782,2023-02-28,"2seventy bio, Inc.  (TSVT)",2834,0001628280-23-005570,
APPROVAL,1649904,2023-03-01,"RHYTHM PHARMACEUTICALS, INC.  (RYTM)",2834,0001104659-23-026995,RYTM
APPROVAL,897448,2023-03-01,AMARIN CORP PLC\UK  (AMRN),2834,0000950170-23-005329,AMRN
APPROVAL,1087294,2023-03-07,CUMBERLAND PHARMACEUTICALS INC  (CPIX),2834,0001628280-23-006782,CPIX
APPROVAL,1494650,2023-03-07,"OptiNose, Inc.  (OPTN)",2834,0001494650-23-000018,
APPROVAL,1783328,2023-03-08,"TScan Therapeutics, Inc.  (TCRX)",2836,0000950170-23-006586,TCRX
APPROVAL,1658551,2023-03-13,"Amylyx Pharmaceuticals, Inc.  (AMLX)",2834,0000950170-23-007580,AMLX
APPROVAL,1430306,2023-03-16,Tonix Pharmaceuticals Holding Corp.  (TNXP),2834,0001387131-23-003469,TNXP
APPROVAL,1820190,2023-03-21,"Scilex Holding Co  (SCLX, SCLXW)",2836,0001193125-23-075731,SCLXW
APPROVAL,1430306,2023-03-23,Tonix Pharmaceuticals Holding Corp.  (TNXP),2834,0001839882-23-007387,TNXP
APPROVAL,1610618,2023-03-23,"Cidara Therapeutics, Inc.  (CDTX)",2836,0001610618-23-000022,
APPROVAL,1069308,2023-03-27,Acer Therapeutics Inc.,2834,0000950170-23-009983,
APPROVAL,1367644,2023-03-29,Emergent BioSolutions Inc.  (EBS),2834,0001367644-23-000077,EBS
APPROVAL,1401914,2023-03-30,"Dare Bioscience, Inc.  (DARE)",2834,0001493152-23-009600,DARE
APPROVAL,34956,2023-04-13,"TENAX THERAPEUTICS, INC.  (TENX)",2834,0001654954-23-004663,TENX
APPROVAL,1600847,2023-04-17,Gamida Cell Ltd.,2836,0001213900-23-030340,
APPROVAL,1479290,2023-04-19,"Revance Therapeutics, Inc.  (RVNC)",2834,0001479290-23-000055,
APPROVAL,911216,2023-04-19,PALATIN TECHNOLOGIES INC  (PTN),2834,0001654954-23-004936,PTN
APPROVAL,1782107,2023-04-20,Blue Water Vaccines Inc.  (ONCO),2834,0001213900-23-031189,ONCO
APPROVAL,1782107,2023-04-24,"Blue Water Biotech, Inc.  (ONCO)",2834,0001213900-23-031827,ONCO
CRL,1551152,2023-04-27,AbbVie Inc.  (ABBV),2834,0001551152-23-000019,ABBV
APPROVAL,1012477,2023-05-01,AVADEL PHARMACEUTICALS PLC  (AVDL),2834,0001104659-23-054247,
APPROVAL,1649904,2023-05-02,"RHYTHM PHARMACEUTICALS, INC.  (RYTM)",2834,0001104659-23-054774,RYTM
APPROVAL,1492426,2023-05-03,Horizon Therapeutics Public Ltd Co,2834,0001193125-23-133107,
APPROVAL,897448,2023-05-03,AMARIN CORP PLC\UK  (AMRN),2834,0000950170-23-016878,AMRN
APPROVAL,1012477,2023-05-04,AVADEL PHARMACEUTICALS PLC  (AVDL),2834,0001104659-23-056006,
APPROVAL,1494650,2023-05-04,"OptiNose, Inc.  (OPTN)",2834,0001494650-23-000045,
APPROVAL,1372299,2023-05-05,"Ocugen, Inc.  (OCGN)",2836,0001628280-23-015993,OCGN
APPROVAL,1070494,2023-05-08,ACADIA PHARMACEUTICALS INC  (ACAD),2834,0000950170-23-018800,ACAD
APPROVAL,1682639,2023-05-08,"EYENOVIA, INC.  (EYEN)",2834,0001104659-23-056880,HYPD
APPROVAL,1087294,2023-05-09,CUMBERLAND PHARMACEUTICALS INC  (CPIX),2834,0001628280-23-016892,CPIX
APPROVAL,1006281,2023-05-10,"Protalix BioTherapeutics, Inc.  (PLX)",2836,0001558370-23-008953,PLX
APPROVAL,1358762,2023-05-10,REATA PHARMACEUTICALS INC,2834,0000950170-23-020053,
CRL,1326110,2023-05-11,"ImmunityBio, Inc.  (IBRX)",2836,0001326110-23-000063,IBRX
APPROVAL,1494650,2023-05-11,"OptiNose, Inc.  (OPTN)",2834,0001494650-23-000049,
APPROVAL,1610618,2023-05-11,"Cidara Therapeutics, Inc.  (CDTX)",2836,0001610618-23-000057,
APPROVAL,1682639,2023-05-11,"EYENOVIA, INC.  (EYEN)",2834,0001104659-23-059164,HYPD
APPROVAL,1600847,2023-05-15,Gamida Cell Ltd.,2836,0001213900-23-039795,
APPROVAL,1782107,2023-05-15,"Blue Water Biotech, Inc.  (ONCO)",2834,0001213900-23-039171,ONCO
APPROVAL,1087294,2023-05-16,CUMBERLAND PHARMACEUTICALS INC  (CPIX),2834,0001628280-23-018467,CPIX
APPROVAL,1711279,2023-05-19,"Krystal Biotech, Inc.  (KRYS)",2836,0001711279-23-000037,KRYS
APPROVAL,1597264,2023-05-22,Blueprint Medicines Corp  (BPMC),2834,0001104659-23-063202,
APPROVAL,1822791,2023-06-16,"Clene Inc.  (CLNN, CLNNW)",2834,0001437749-23-017739,CLNN
CRL,1341235,2023-06-21,"Aldeyra Therapeutics, Inc.  (ALDX)",2834,0001157523-23-001018,ALDX
CRL,1270073,2023-06-23,"INTERCEPT PHARMACEUTICALS, INC.",2834,0001104659-23-073909,
APPROVAL,1610820,2023-06-27,"BriaCell Therapeutics Corp.  (BCTX, BCTXW)",2834,0001493152-23-022575,BCTXZ
APPROVAL,911216,2023-07-11,PALATIN TECHNOLOGIES INC  (PTN),2834,0001654954-23-009002,PTN
APPROVAL,1782107,2023-07-17,"Blue Water Biotech, Inc.  (ONCO)",2834,0001213900-23-057242,ONCO
APPROVAL,1367644,2023-07-21,Emergent BioSolutions Inc.  (EBS),2834,0001367644-23-000135,EBS
APPROVAL,1730430,2023-07-25,"Kiniksa Pharmaceuticals, Ltd.  (KNSA)",2834,0001104659-23-083629,KNSA
CRL,1506251,2023-07-31,"Citius Pharmaceuticals, Inc.  (CTXR)",2834,0001213900-23-061292,CTXR
APPROVAL,1649904,2023-08-01,"RHYTHM PHARMACEUTICALS, INC.  (RYTM)",2834,0001104659-23-086034,RYTM
APPROVAL,1062822,2023-08-03,"LEXICON PHARMACEUTICALS, INC.  (LXRX)",2834,0001062822-23-000045,LXRX
APPROVAL,318154,2023-08-03,AMGEN INC  (AMGN),2836,0000318154-23-000049,AMGN
APPROVAL,1492426,2023-08-08,Horizon Therapeutics Public Ltd Co,2834,0001193125-23-205561,
APPROVAL,1494650,2023-08-10,"OptiNose, Inc.  (OPTN)",2834,0001494650-23-000077,
CRL,1563577,2023-08-10,"Galera Therapeutics, Inc.  (GRTX)",2834,0001193125-23-208137,
APPROVAL,1682639,2023-08-10,"EYENOVIA, INC.  (EYEN)",2834,0001104659-23-089813,HYPD
APPROVAL,1819790,2023-08-10,"Tarsus Pharmaceuticals, Inc.  (TARS)",2836,0001819790-23-000070,TARS
CRL,1671858,2023-09-20,"ARS Pharmaceuticals, Inc.  (SPRY)",2834,0001193125-23-237996,SPRY
APPROVAL,1228627,2023-09-27,"Ocuphire Pharma, Inc.  (OCUP)",2834,0001140361-23-045418,IRD
APPROVAL,1178879,2023-09-28,"AMICUS THERAPEUTICS, INC.  (FOLD)",2834,0001104659-23-104651,
APPROVAL,1710340,2023-10-04,"Eton Pharmaceuticals, Inc.  (ETON)",2834,0001437749-23-027596,ETON
CRL,1178670,2023-10-10,"ALNYLAM PHARMACEUTICALS, INC.  (ALNY)",2834,0001193125-23-253084,ALNY
APPROVAL,1946563,2023-10-12,"60 DEGREES PHARMACEUTICALS, INC.  (SXTP, SXTPW)",2834,0001013762-23-003541,SXTPW
APPROVAL,78003,2023-10-13,PFIZER INC  (PFE),2834,0000078003-23-000099,PFE
APPROVAL,1837607,2023-10-19,"AEON Biopharma, Inc.  (AEON)",2834,0001104659-23-110119,AEON
APPROVAL,911216,2023-10-19,PALATIN TECHNOLOGIES INC  (PTN),2834,0001654954-23-013131,PTN
APPROVAL,310158,2023-10-26,"Merck & Co., Inc.  (MRK)",2834,0001104659-23-111585,MRK
APPROVAL,1437402,2023-10-31,"ARDELYX, INC.  (ARDX)",2834,0001628280-23-035596,ARDX
APPROVAL,1802665,2023-10-31,"Harmony Biosciences Holdings, Inc.  (HRMY)",2834,0001558370-23-017058,HRMY
APPROVAL,1228627,2023-11-02,"Ocuphire Pharma, Inc.  (OCUP)",2834,0001140361-23-051009,IRD
APPROVAL,1759425,2023-11-02,"Mirum Pharmaceuticals, Inc.  (MIRM)",2834,0001157523-23-001631,MIRM
APPROVAL,1023024,2023-11-08,ANI PHARMACEUTICALS INC  (ANIP),2834,0001023024-23-000041,ANIP
APPROVAL,1369568,2023-11-08,"CATALYST PHARMACEUTICALS, INC.  (CPRX)",2834,0001193125-23-273563,
APPROVAL,886163,2023-11-08,"LIGAND PHARMACEUTICALS INC  (LGND, LGNDZ, LGNXZ, LGNYZ, LGNZZ)",2834,0000886163-23-000083,LGNZZ
APPROVAL,1401914,2023-11-09,"Dare Bioscience, Inc.  (DARE)",2834,0001493152-23-039997,DARE
APPROVAL,1494650,2023-11-09,"OptiNose, Inc.  (OPTN)",2834,0001494650-23-000094,
APPROVAL,1783183,2023-11-09,"Phathom Pharmaceuticals, Inc.  (PHAT)",2834,0001193125-23-274082,PHAT
APPROVAL,1819790,2023-11-09,"Tarsus Pharmaceuticals, Inc.  (TARS)",2836,0001819790-23-000081,TARS
APPROVAL,1858685,2023-11-09,"Biofrontera Inc.  (BFRI, BFRIW)",2834,0001493152-23-040113,BFRIW
APPROVAL,1228627,2023-11-13,"Ocuphire Pharma, Inc.  (OCUP)",2834,0001140361-23-052736,IRD
APPROVAL,1682639,2023-11-13,"EYENOVIA, INC.  (EYEN)",2834,0001104659-23-117228,HYPD
APPROVAL,886163,2023-11-13,"LIGAND PHARMACEUTICALS INC  (LGND, LGNDZ, LGNXZ, LGNYZ, LGNZZ)",2834,0000886163-23-000089,LGNZZ
APPROVAL,818033,2023-11-14,"HERON THERAPEUTICS, INC. /DE/  (HRTX)",2834,0000950170-23-063702,HRTX
APPROVAL,925741,2023-11-14,"BioCardia, Inc.  (BCDA)",2836,0001437749-23-031752,BCDA
APPROVAL,1023024,2023-11-15,ANI PHARMACEUTICALS INC  (ANIP),2834,0001023024-23-000045,ANIP
APPROVAL,1430306,2023-11-15,Tonix Pharmaceuticals Holding Corp.  (TNXP),2834,0001839882-23-030723,TNXP
APPROVAL,1410098,2023-11-16,CorMedix Inc.  (CRMD),2834,0001213900-23-087921,CRMD
CRL,1341235,2023-11-28,"Aldeyra Therapeutics, Inc.  (ALDX)",2834,0001193125-23-283679,ALDX
APPROVAL,1773427,2023-11-28,"SpringWorks Therapeutics, Inc.  (SWTX)",2836,0001104659-23-121461,
APPROVAL,1430306,2023-12-04,Tonix Pharmaceuticals Holding Corp.  (TNXP),2834,0001839882-23-032560,TNXP
APPROVAL,1347178,2023-12-07,Vanda Pharmaceuticals Inc.  (VNDA),2834,0001193125-23-290779,VNDA
APPROVAL,1368514,2023-12-12,"ADMA BIOLOGICS, INC.  (ADMA)",2836,0001140361-23-057341,ADMA
APPROVAL,1422142,2023-12-14,"Aadi Bioscience, Inc.  (AADI)",2834,0001193125-23-295566,WHWK
APPROVAL,1782107,2023-12-18,"Blue Water Biotech, Inc.  (ONCO)",2834,0001213900-23-096298,ONCO
APPROVAL,874015,2023-12-22,IONIS PHARMACEUTICALS INC  (IONS),2834,0001140361-23-058974,IONS
APPROVAL,1023024,2024-01-08,ANI PHARMACEUTICALS INC  (ANIP),2834,0001023024-24-000002,ANIP
APPROVAL,1368514,2024-01-08,"ADMA BIOLOGICS, INC.  (ADMA)",2836,0001140361-24-001198,ADMA
APPROVAL,1719714,2024-01-08,Mereo BioPharma Group plc  (MREO),2834,0001193125-24-003868,MREO
APPROVAL,886163,2024-01-08,"LIGAND PHARMACEUTICALS INC  (LGND, LGNDZ, LGNXZ, LGNYZ, LGNZZ)",2834,0000886163-24-000002,LGNZZ
APPROVAL,1609809,2024-01-10,"Seres Therapeutics, Inc.  (MCRB)",2834,0001193125-24-005614,MCRB
APPROVAL,897448,2024-01-10,AMARIN CORP PLC\UK  (AMRN),2834,0000950170-24-003511,AMRN
APPROVAL,818033,2024-01-11,"HERON THERAPEUTICS, INC. /DE/  (HRTX)",2834,0001193125-24-006600,HRTX
APPROVAL,818033,2024-01-24,"HERON THERAPEUTICS, INC. /DE/  (HRTX)",2834,0001193125-24-013587,HRTX
APPROVAL,1211583,2024-02-02,FENNEC PHARMACEUTICALS INC.  (FENC),2836,0001104659-24-009551,FENC
APPROVAL,1023024,2024-02-08,ANI PHARMACEUTICALS INC  (ANIP),2834,0001023024-24-000007,ANIP
APPROVAL,1274792,2024-02-13,MERRIMACK PHARMACEUTICALS INC,2834,0001193125-24-033761,
APPROVAL,1159036,2024-02-20,"HALOZYME THERAPEUTICS, INC.  (HALO)",2836,0001159036-24-000007,HALO
APPROVAL,1425205,2024-02-20,"IOVANCE BIOTHERAPEUTICS, INC.  (IOVA)",2836,0001104659-24-025082,IOVA
APPROVAL,1802665,2024-02-22,"Harmony Biosciences Holdings, Inc.  (HRMY)",2834,0001558370-24-001465,HRMY
APPROVAL,1434868,2024-02-27,"Esperion Therapeutics, Inc.  (ESPR)",2834,0001628280-24-007035,
CRL,1598646,2024-02-27,"Minerva Neurosciences, Inc.  (NERV)",2834,0001193125-24-047110,NERV
CRL,886163,2024-02-27,"LIGAND PHARMACEUTICALS INC  (LGND, LGNDZ, LGNXZ, LGNYZ, LGNZZ)",2834,0000886163-24-000005,LGNZZ
APPROVAL,1759425,2024-02-28,"Mirum Pharmaceuticals, Inc.  (MIRM)",2834,0001759425-24-000005,MIRM
APPROVAL,1396814,2024-02-29,"Pacira BioSciences, Inc.  (PCRX)",2834,0001396814-24-000026,PCRX
APPROVAL,897448,2024-02-29,AMARIN CORP PLC\UK  (AMRN),2834,0000950170-24-022635,AMRN
APPROVAL,1034842,2024-03-05,RIGEL PHARMACEUTICALS INC  (RIGL),2834,0001104659-24-031010,RIGL
APPROVAL,1368514,2024-03-05,"ADMA BIOLOGICS, INC.  (ADMA)",2836,0001140361-24-011399,ADMA
APPROVAL,1609809,2024-03-05,"Seres Therapeutics, Inc.  (MCRB)",2834,0001193125-24-058584,MCRB
APPROVAL,1274792,2024-03-07,MERRIMACK PHARMACEUTICALS INC,2834,0001193125-24-062260,
CRL,1347178,2024-03-07,Vanda Pharmaceuticals Inc.  (VNDA),2834,0001193125-24-062241,VNDA
APPROVAL,1494650,2024-03-07,"OptiNose, Inc.  (OPTN)",2834,0001494650-24-000017,
APPROVAL,1228627,2024-03-08,"Ocuphire Pharma, Inc.  (OCUP)",2834,0001140361-24-012128,IRD
APPROVAL,818033,2024-03-12,"HERON THERAPEUTICS, INC. /DE/  (HRTX)",2834,0000950170-24-029926,HRTX
APPROVAL,1494650,2024-03-15,"OptiNose, Inc.  (OPTN)",2834,0001494650-24-000031,
APPROVAL,1651308,2024-03-15,"BeiGene, Ltd.  (BGNE, BEIGF)",2834,0001651308-24-000028,BEIGF
APPROVAL,1820190,2024-03-22,"Scilex Holding Co  (SCLX, SCLXW)",2836,0001193125-24-075429,SCLXW
APPROVAL,1517022,2024-03-28,"Akebia Therapeutics, Inc.  (AKBA)",2834,0001517022-24-000031,AKBA
APPROVAL,1347178,2024-04-03,Vanda Pharmaceuticals Inc.  (VNDA),2834,0001193125-24-086031,VNDA
CRL,1356576,2024-04-08,"SUPERNUS PHARMACEUTICALS, INC.  (SUPN)",2834,0001356576-24-000018,SUPN
APPROVAL,1567514,2024-04-16,"Intra-Cellular Therapies, Inc.  (ITCI)",2834,0001193125-24-097845,
APPROVAL,1800,2024-04-17,ABBOTT LABORATORIES  (ABT),2834,0001628280-24-016497,ABT
APPROVAL,1326110,2024-04-23,"ImmunityBio, Inc.  (IBRX)",2836,0001326110-24-000040,IBRX
APPROVAL,1845337,2024-04-24,"Day One Biopharmaceuticals, Inc.  (DAWN)",2834,0001193125-24-108544,
APPROVAL,1494650,2024-04-25,"OptiNose, Inc.  (OPTN)",2834,0001494650-24-000042,
APPROVAL,310158,2024-04-25,"Merck & Co., Inc.  (MRK)",2834,0001104659-24-051517,MRK
APPROVAL,1398733,2024-04-29,"Aquestive Therapeutics, Inc.  (AQST)",2834,0001628280-24-018802,AQST
APPROVAL,1501697,2024-04-29,"X4 Pharmaceuticals, Inc  (XFOR, XFOWW)",2836,0001628280-24-018793,XFOR
APPROVAL,1802665,2024-04-30,"Harmony Biosciences Holdings, Inc.  (HRMY)",2834,0001558370-24-006200,HRMY
APPROVAL,897448,2024-05-01,AMARIN CORP PLC\UK  (AMRN),2834,0000950170-24-050889,AMRN
APPROVAL,1600620,2024-05-02,Aurinia Pharmaceuticals Inc.  (AUPH),2834,0001600620-24-000049,AUPH
APPROVAL,1087294,2024-05-07,CUMBERLAND PHARMACEUTICALS INC  (CPIX),2834,0001628280-24-021185,CPIX
APPROVAL,1159036,2024-05-07,"HALOZYME THERAPEUTICS, INC.  (HALO)",2836,0001159036-24-000036,HALO
APPROVAL,1398733,2024-05-07,"Aquestive Therapeutics, Inc.  (AQST)",2834,0001628280-24-021110,AQST
APPROVAL,818033,2024-05-07,"HERON THERAPEUTICS, INC. /DE/  (HRTX)",2834,0000950170-24-053963,HRTX
CRL,1347178,2024-05-08,Vanda Pharmaceuticals Inc.  (VNDA),2834,0001628280-24-021658,VNDA
APPROVAL,1398733,2024-05-08,"Aquestive Therapeutics, Inc.  (AQST)",2834,0001628280-24-021310,AQST
APPROVAL,1651308,2024-05-08,"BeiGene, Ltd.  (BGNE, BEIGF)",2834,0001651308-24-000049,BEIGF
APPROVAL,1759425,2024-05-08,"Mirum Pharmaceuticals, Inc.  (MIRM)",2834,0001759425-24-000017,MIRM
APPROVAL,818686,2024-05-08,"TEVA PHARMACEUTICAL INDUSTRIES LTD  (TEVA, TEVJF)",2834,0001193125-24-133759,TEVJF
APPROVAL,1517022,2024-05-09,"Akebia Therapeutics, Inc.  (AKBA)",2834,0001517022-24-000050,AKBA
APPROVAL,1494650,2024-05-14,"OptiNose, Inc.  (OPTN)",2834,0001494650-24-000068,
APPROVAL,1682639,2024-05-15,"EYENOVIA, INC.  (EYEN)",2834,0001104659-24-061954,HYPD
APPROVAL,1368514,2024-05-17,"ADMA BIOLOGICS, INC.  (ADMA)",2836,0001140361-24-026601,ADMA
APPROVAL,1526119,2024-05-24,"Verastem, Inc.  (VSTM)",2834,0001104659-24-064919,VSTM
APPROVAL,818033,2024-05-29,"HERON THERAPEUTICS, INC. /DE/  (HRTX)",2834,0000950170-24-065636,HRTX
APPROVAL,1369568,2024-05-30,"CATALYST PHARMACEUTICALS, INC.  (CPRX)",2834,0001193125-24-150433,
APPROVAL,1398733,2024-06-07,"Aquestive Therapeutics, Inc.  (AQST)",2834,0001628280-24-027167,AQST
APPROVAL,886744,2024-06-07,"GERON CORP  (GERN, GERNW)",2834,0000950170-24-070574,GERN
APPROVAL,886163,2024-06-18,"LIGAND PHARMACEUTICALS INC  (LGND, LGNDZ, LGNXZ, LGNYZ, LGNZZ)",2834,0000886163-24-000047,LGNZZ
APPROVAL,1820190,2024-07-02,"Scilex Holding Co  (SCLX, SCLXW)",2836,0000950170-24-080768,SCLXW
APPROVAL,1783183,2024-07-18,"Phathom Pharmaceuticals, Inc.  (PHAT)",2834,0001193125-24-180750,PHAT
APPROVAL,1001233,2024-07-24,"SANGAMO THERAPEUTICS, INC  (SGMO)",2836,0001628280-24-032815,SGMOQ
CRL,1551152,2024-07-25,AbbVie Inc.  (ABBV),2834,0001551152-24-000026,ABBV
APPROVAL,310158,2024-07-30,"Merck & Co., Inc.  (MRK)",2834,0001104659-24-083722,MRK
APPROVAL,818686,2024-07-31,"TEVA PHARMACEUTICAL INDUSTRIES LTD  (TEVA, TEVJF)",2834,0001171843-24-004270,TEVJF
APPROVAL,897448,2024-07-31,AMARIN CORP PLC\UK  (AMRN),2834,0000950170-24-088234,AMRN
APPROVAL,1398733,2024-08-06,"Aquestive Therapeutics, Inc.  (AQST)",2834,0001628280-24-035223,AQST
APPROVAL,1802665,2024-08-06,"Harmony Biosciences Holdings, Inc.  (HRMY)",2834,0001558370-24-010960,HRMY
APPROVAL,886163,2024-08-06,"LIGAND PHARMACEUTICALS INC  (LGND, LGNDZ, LGNXZ, LGNYZ, LGNZZ)",2834,0000886163-24-000067,LGNZZ
APPROVAL,1759425,2024-08-07,"Mirum Pharmaceuticals, Inc.  (MIRM)",2834,0001759425-24-000029,MIRM
APPROVAL,1506251,2024-08-08,"Citius Pharmaceuticals, Inc.  (CTXR)",2834,0001213900-24-066357,CTXR
APPROVAL,1723128,2024-08-09,"Amneal Pharmaceuticals, Inc.  (AMRX)",2834,0001723128-24-000030,AMRX
APPROVAL,1506251,2024-08-12,"Citius Pharmaceuticals, Inc.  (CTXR)",2834,0001213900-24-067778,CTXR
APPROVAL,1604950,2024-08-14,scPharmaceuticals Inc.  (SCPH),2834,0001193125-24-200606,
APPROVAL,1787306,2024-08-14,"Arcutis Biotherapeutics, Inc.  (ARQT)",2834,0001787306-24-000122,ARQT
APPROVAL,887359,2024-08-15,Vericel Corp  (VCEL),2836,0001140361-24-037511,VCEL
APPROVAL,925741,2024-08-21,"BioCardia, Inc.  (BCDA)",2836,0001437749-24-027428,BCDA
APPROVAL,887359,2024-08-26,Vericel Corp  (VCEL),2836,0001140361-24-038472,VCEL
APPROVAL,1724521,2024-08-27,"Arcus Biosciences, Inc.  (RCUS)",2834,0001724521-24-000144,RCUS
APPROVAL,1367644,2024-08-30,Emergent BioSolutions Inc.  (EBS),2834,0001367644-24-000155,EBS
APPROVAL,1506251,2024-09-05,"Citius Pharmaceuticals, Inc.  (CTXR)",2834,0001213900-24-076108,CTXR
APPROVAL,1851484,2024-09-05,"CITIUS ONCOLOGY, INC.  (CTOR)",2834,0001213900-24-076111,CTOR
APPROVAL,1398733,2024-09-09,"Aquestive Therapeutics, Inc.  (AQST)",2834,0001628280-24-039783,AQST
APPROVAL,1635088,2024-09-18,Roivant Sciences Ltd.  (ROIV),2834,0001140361-24-041344,ROIV
APPROVAL,1434647,2024-09-20,"ZEVRA THERAPEUTICS, INC.  (ZVRA)",2834,0001437749-24-029747,ZVRA
APPROVAL,1398733,2024-09-27,"Aquestive Therapeutics, Inc.  (AQST)",2834,0001628280-24-041432,AQST
APPROVAL,1802665,2024-10-01,"Harmony Biosciences Holdings, Inc.  (HRMY)",2834,0001558370-24-013103,HRMY
APPROVAL,1858685,2024-10-07,"Biofrontera Inc.  (BFRI, BFRIW)",2834,0001493152-24-039652,BFRIW
APPROVAL,1012477,2024-10-17,AVADEL PHARMACEUTICALS PLC  (AVDL),2834,0001104659-24-109428,
APPROVAL,1526119,2024-10-17,"Verastem, Inc.  (VSTM)",2834,0001104659-24-109439,VSTM
APPROVAL,1659617,2024-10-17,"Moleculin Biotech, Inc.  (MBRX)",2834,0001437749-24-031430,MBRX
APPROVAL,1659323,2024-10-25,Iterum Therapeutics plc  (ITRM),2834,0000950170-24-117270,
APPROVAL,1635088,2024-10-28,Roivant Sciences Ltd.  (ROIV),2834,0001140361-24-044434,ROIV
APPROVAL,1802665,2024-10-29,"Harmony Biosciences Holdings, Inc.  (HRMY)",2834,0001558370-24-013802,HRMY
APPROVAL,897448,2024-10-30,AMARIN CORP PLC\UK  (AMRN),2834,0000950170-24-118988,AMRN
APPROVAL,1867066,2024-11-04,Journey Medical Corp  (DERM),2834,0001104659-24-113659,DERM
APPROVAL,1398733,2024-11-06,"Aquestive Therapeutics, Inc.  (AQST)",2834,0001628280-24-045687,AQST
APPROVAL,886744,2024-11-07,"GERON CORP  (GERN, GERNW)",2834,0000950170-24-122771,GERN
APPROVAL,887359,2024-11-07,Vericel Corp  (VCEL),2836,0001628280-24-045997,VCEL
APPROVAL,1816736,2024-11-08,"Disc Medicine, Inc.  (IRON)",2834,0000950170-24-123718,IRON
APPROVAL,1012477,2024-11-12,AVADEL PHARMACEUTICALS PLC  (AVDL),2834,0001104659-24-116323,
APPROVAL,1759425,2024-11-12,"Mirum Pharmaceuticals, Inc.  (MIRM)",2834,0001759425-24-000037,MIRM
APPROVAL,925741,2024-11-13,"BioCardia, Inc.  (BCDA)",2836,0001437749-24-034906,BCDA
APPROVAL,1395937,2024-11-18,Syndax Pharmaceuticals Inc  (SNDX),2834,0000950170-24-127708,SNDX
APPROVAL,1434647,2024-11-22,"ZEVRA THERAPEUTICS, INC.  (ZVRA)",2834,0001437749-24-035988,ZVRA
APPROVAL,1512762,2024-12-03,"Coherus BioSciences, Inc.  (CHRS)",2836,0001104659-24-124881,CHRS
APPROVAL,1087294,2024-12-09,CUMBERLAND PHARMACEUTICALS INC  (CPIX),2834,0001628280-24-050499,CPIX
APPROVAL,1053691,2024-12-10,CervoMed Inc.  (CRVO),2834,0001437749-24-037053,CRVO
APPROVAL,1326110,2024-12-10,"ImmunityBio, Inc.  (IBRX)",2836,0001193125-24-274438,IBRX
APPROVAL,1651407,2024-12-16,"Checkpoint Therapeutics, Inc.  (CKPT)",2834,0001104659-24-128665,
APPROVAL,874015,2024-12-20,IONIS PHARMACEUTICALS INC  (IONS),2834,0001140361-24-050057,IONS
APPROVAL,914475,2024-12-20,NEUROCRINE BIOSCIENCES INC  (NBIX),2836,0000914475-24-000229,NBIX
APPROVAL,1851484,2025-01-06,"CITIUS ONCOLOGY, INC.  (CTOR)",2834,0001213900-25-000953,CTOR
APPROVAL,1649904,2025-01-10,"RHYTHM PHARMACEUTICALS, INC.  (RYTM)",2834,0001558370-25-000093,RYTM
APPROVAL,1398733,2025-01-13,"Aquestive Therapeutics, Inc.  (AQST)",2834,0001628280-25-001229,AQST
APPROVAL,1759425,2025-01-13,"Mirum Pharmaceuticals, Inc.  (MIRM)",2834,0001759425-25-000003,MIRM
CRL,1604464,2025-01-16,"Atara Biotherapeutics, Inc.  (ATRA)",2836,0000950170-25-006191,ATRA
APPROVAL,1356576,2025-01-27,"SUPERNUS PHARMACEUTICALS, INC.  (SUPN)",2834,0001356576-25-000002,SUPN
APPROVAL,818686,2025-01-29,"TEVA PHARMACEUTICAL INDUSTRIES LTD  (TEVA, TEVJF)",2834,0001171843-25-000493,TEVJF
APPROVAL,1579428,2025-01-31,"Axsome Therapeutics, Inc.  (AXSM)",2834,0000950170-25-011220,AXSM
APPROVAL,1506251,2025-02-06,"Citius Pharmaceuticals, Inc.  (CTXR)",2834,0001213900-25-010747,CTXR
APPROVAL,1851484,2025-02-06,"CITIUS ONCOLOGY, INC.  (CTOR)",2834,0001213900-25-010748,CTOR
APPROVAL,875320,2025-02-10,VERTEX PHARMACEUTICALS INC / MA  (VRTX),2834,0000875320-25-000029,VRTX
APPROVAL,1773427,2025-02-12,"SpringWorks Therapeutics, Inc.  (SWTX)",2836,0001104659-25-011644,
APPROVAL,1356576,2025-02-25,"SUPERNUS PHARMACEUTICALS, INC.  (SUPN)",2834,0001356576-25-000015,SUPN
APPROVAL,1157601,2025-02-26,"MADRIGAL PHARMACEUTICALS, INC.  (MDGL)",2834,0001193125-25-035787,MDGL
APPROVAL,1649904,2025-02-26,"RHYTHM PHARMACEUTICALS, INC.  (RYTM)",2834,0001558370-25-001553,RYTM
APPROVAL,1759425,2025-02-26,"Mirum Pharmaceuticals, Inc.  (MIRM)",2834,0001759425-25-000012,MIRM
APPROVAL,1396814,2025-02-27,"Pacira BioSciences, Inc.  (PCRX)",2834,0001396814-25-000039,PCRX
APPROVAL,1398733,2025-03-05,"Aquestive Therapeutics, Inc.  (AQST)",2834,0001628280-25-010422,AQST
APPROVAL,1398733,2025-03-10,"Aquestive Therapeutics, Inc.  (AQST)",2834,0001628280-25-011465,AQST
APPROVAL,1069530,2025-03-11,CASSAVA SCIENCES INC  (SAVA),2834,0001437749-25-007019,FLNA
APPROVAL,897448,2025-03-12,AMARIN CORP PLC\UK  (AMRN),2834,0000950170-25-037618,AMRN
APPROVAL,1023024,2025-03-14,ANI PHARMACEUTICALS INC  (ANIP),2834,0001023024-25-000021,ANIP
APPROVAL,791908,2025-03-17,"XOMA Royalty Corp  (XOMA, XOMAO, XOMAP)",2834,0001193125-25-055666,
APPROVAL,1754068,2025-03-18,"Kalaris Therapeutics, Inc.  (ALVR)",2836,0001193125-25-056725,KLRS
APPROVAL,1730463,2025-03-20,Autolus Therapeutics plc  (AUTL),2836,0001730463-25-000010,AUTL
APPROVAL,1382574,2025-03-21,"Scienture Holdings, Inc.  (SCNX)",2834,0001493152-25-011152,SCNX
CRL,1341235,2025-04-03,"Aldeyra Therapeutics, Inc.  (ALDX)",2834,0001193125-25-072424,ALDX
APPROVAL,1782107,2025-04-08,"Onconetix, Inc.  (ONCO)",2834,0001213900-25-029639,ONCO
APPROVAL,318306,2025-04-29,ABEONA THERAPEUTICS INC.  (ABEO),2834,0001641172-25-006548,ABEO
APPROVAL,1759425,2025-05-07,"Mirum Pharmaceuticals, Inc.  (MIRM)",2834,0001759425-25-000030,MIRM
APPROVAL,818686,2025-05-07,"TEVA PHARMACEUTICAL INDUSTRIES LTD  (TEVA, TEVJF)",2834,0001171843-25-002849,TEVJF
APPROVAL,897448,2025-05-07,AMARIN CORP PLC\UK  (AMRN),2834,0000950170-25-064980,AMRN
APPROVAL,1526119,2025-05-08,"Verastem, Inc.  (VSTM)",2834,0001104659-25-046175,VSTM
APPROVAL,886163,2025-05-08,"LIGAND PHARMACEUTICALS INC  (LGND, LGNDZ, LGNXZ, LGNYZ, LGNZZ)",2834,0000886163-25-000033,LGNZZ
APPROVAL,1000694,2025-05-19,NOVAVAX INC  (NVAX),2836,0001104659-25-050226,NVAX
APPROVAL,1659323,2025-05-19,Iterum Therapeutics plc  (ITRM),2834,0000950170-25-073950,
APPROVAL,1719406,2025-05-21,"NRX Pharmaceuticals, Inc.  (NRXP, NRXPW)",2834,0001437749-25-018000,NRXP
APPROVAL,1819576,2025-05-23,Liquidia Corp  (LQDA),2834,0001104659-25-052454,LQDA
APPROVAL,1819576,2025-06-02,Liquidia Corp  (LQDA),2834,0001104659-25-055180,LQDA
APPROVAL,1783183,2025-06-06,"Phathom Pharmaceuticals, Inc.  (PHAT)",2834,0001193125-25-137094,PHAT
APPROVAL,1811063,2025-06-11,"Nuvation Bio Inc.  (NUVB, NUVB-WT)",2834,0001193125-25-139164,NUVB
APPROVAL,1348911,2025-07-07,"KalVista Pharmaceuticals, Inc.  (KALV)",2834,0001193125-25-155885,
APPROVAL,1721484,2025-07-09,Longeveron Inc.  (LGVN),2834,0001213900-25-062337,LGVN
APPROVAL,1348911,2025-07-10,"KalVista Pharmaceuticals, Inc.  (KALV)",2834,0001193125-25-157382,
CRL,1133869,2025-07-11,"CAPRICOR THERAPEUTICS, INC.  (CAPR)",2834,0001558370-25-009186,CAPR
APPROVAL,1070081,2025-07-28,"PTC THERAPEUTICS, INC.  (PTCT)",2834,0001558370-25-009663,PTCT
APPROVAL,310158,2025-07-29,"Merck & Co., Inc.  (MRK)",2834,0001104659-25-071380,MRK
APPROVAL,874015,2025-07-30,IONIS PHARMACEUTICALS INC  (IONS),2834,0001140361-25-027949,IONS
APPROVAL,897448,2025-07-30,AMARIN CORP PLC\UK  (AMRN),2834,0000950170-25-099878,AMRN
APPROVAL,1682852,2025-08-01,"Moderna, Inc.  (MRNA)",2836,0001682852-25-000041,MRNA
APPROVAL,1759425,2025-08-06,"Mirum Pharmaceuticals, Inc.  (MIRM)",2834,0001759425-25-000040,MIRM
APPROVAL,1710340,2025-08-07,"Eton Pharmaceuticals, Inc.  (ETON)",2834,0001437749-25-025438,ETON
APPROVAL,1104506,2025-08-12,INSMED Inc  (INSM),2834,0001140361-25-030537,INSM
APPROVAL,318306,2025-08-14,ABEONA THERAPEUTICS INC.  (ABEO),2834,0001641172-25-023715,ABEO
CRL,1070081,2025-08-19,"PTC THERAPEUTICS, INC.  (PTCT)",2834,0001558370-25-011658,PTCT
APPROVAL,874015,2025-08-21,IONIS PHARMACEUTICALS INC  (IONS),2834,0001140361-25-032176,IONS
APPROVAL,1000694,2025-08-27,NOVAVAX INC  (NVAX),2836,0001104659-25-084049,NVAX
APPROVAL,1919246,2025-09-03,Pelthos Therapeutics Inc.  (PTHS),2836,0001753926-25-001425,PTHS
APPROVAL,1348911,2025-09-11,"KalVista Pharmaceuticals, Inc.  (KALV)",2834,0001193125-25-200742,
APPROVAL,1367644,2025-09-11,Emergent BioSolutions Inc.  (EBS),2834,0001367644-25-000188,EBS
APPROVAL,879407,2025-09-12,"ARROWHEAD PHARMACEUTICALS, INC.  (ARWR)",2834,0000879407-25-000010,ARWR
APPROVAL,1919246,2025-09-16,Pelthos Therapeutics Inc.  (PTHS),2836,0001753926-25-001500,PTHS
APPROVAL,1430306,2025-09-18,Tonix Pharmaceuticals Holding Corp.  (TNXP),2834,0001999371-25-013498,TNXP
APPROVAL,1590560,2025-09-24,uniQure N.V.  (QURE),2834,0001104659-25-092750,QURE
APPROVAL,1430306,2025-09-29,Tonix Pharmaceuticals Holding Corp.  (TNXP),2834,0001999371-25-014108,TNXP
APPROVAL,1430306,2025-09-30,Tonix Pharmaceuticals Holding Corp.  (TNXP),2834,0001999371-25-014216,TNXP
APPROVAL,1567892,2025-10-06,Mallinckrodt plc,2834,0001104659-25-096956,
APPROVAL,1395937,2025-10-24,Syndax Pharmaceuticals Inc  (SNDX),2834,0001193125-25-250052,SNDX
APPROVAL,874015,2025-10-29,IONIS PHARMACEUTICALS INC  (IONS),2834,0001140361-25-039650,IONS
APPROVAL,897448,2025-10-29,AMARIN CORP PLC\UK  (AMRN),2834,0001193125-25-254620,AMRN
APPROVAL,1104506,2025-10-30,INSMED Inc  (INSM),2834,0001140361-25-039789,INSM
APPROVAL,310158,2025-10-30,"Merck & Co., Inc.  (MRK)",2834,0001104659-25-103974,MRK
APPROVAL,1498382,2025-11-03,"TuHURA Biosciences, Inc./NV  (HURA)",2834,0001193125-25-262562,HURA
APPROVAL,1759425,2025-11-04,"Mirum Pharmaceuticals, Inc.  (MIRM)",2834,0001759425-25-000053,MIRM
APPROVAL,1815776,2025-11-05,"LENZ Therapeutics, Inc.  (LENZ)",2836,0001815776-25-000069,LENZ
APPROVAL,818686,2025-11-05,"TEVA PHARMACEUTICAL INDUSTRIES LTD  (TEVA, TEVJF)",2834,0001171843-25-007000,TEVJF
APPROVAL,1396814,2025-11-06,"Pacira BioSciences, Inc.  (PCRX)",2834,0001628280-25-050145,PCRX
APPROVAL,886163,2025-11-06,"LIGAND PHARMACEUTICALS INC  (LGND, LGNDZ, LGNXZ, LGNYZ, LGNZZ)",2834,0000886163-25-000058,LGNZZ
APPROVAL,1430306,2025-11-10,Tonix Pharmaceuticals Holding Corp.  (TNXP),2834,0001999371-25-017369,TNXP
APPROVAL,1919246,2025-11-13,Pelthos Therapeutics Inc.  (PTHS),2836,0001753926-25-001766,PTHS
APPROVAL,879407,2025-11-18,"ARROWHEAD PHARMACEUTICALS, INC.  (ARWR)",2834,0000879407-25-000019,ARWR
APPROVAL,879407,2025-11-25,"ARROWHEAD PHARMACEUTICALS, INC.  (ARWR)",2834,0000879407-25-000027,ARWR
APPROVAL,1506251,2025-12-01,"Citius Pharmaceuticals, Inc.  (CTXR)",2834,0001213900-25-116760,CTXR
APPROVAL,1851484,2025-12-01,"CITIUS ONCOLOGY, INC.  (CTOR)",2834,0001213900-25-116764,CTOR
APPROVAL,1367644,2025-12-12,Emergent BioSolutions Inc.  (EBS),2834,0001367644-25-000207,EBS
APPROVAL,882796,2025-12-12,BIOCRYST PHARMACEUTICALS INC  (BCRX),2836,0001171843-25-007909,BCRX
APPROVAL,1408443,2025-12-15,Milestone Pharmaceuticals Inc.  (MIST),2834,0001104659-25-120904,MIST
APPROVAL,1583648,2025-12-15,"PALVELLA THERAPEUTICS, INC.  (PVLA)",2834,0001104659-25-120789,PVLA
APPROVAL,1061983,2025-12-19,CYTOKINETICS INC  (CYTK),2834,0001193125-25-326778,CYTK
APPROVAL,1285819,2025-12-29,OMEROS CORP  (OMER),2834,0001437749-25-038758,OMER
APPROVAL,1347178,2025-12-31,Vanda Pharmaceuticals Inc.  (VNDA),2834,0001628280-25-059155,VNDA
APPROVAL,1658247,2026-01-05,"Crinetics Pharmaceuticals, Inc.  (CRNX)",2834,0001193125-26-002368,CRNX
APPROVAL,1408443,2026-01-06,Milestone Pharmaceuticals Inc.  (MIST),2834,0001104659-26-001099,MIST
APPROVAL,1649904,2026-01-09,"RHYTHM PHARMACEUTICALS, INC.  (RYTM)",2834,0001628280-26-001459,RYTM
APPROVAL,1759425,2026-01-12,"Mirum Pharmaceuticals, Inc.  (MIRM)",2834,0001759425-26-000004,MIRM
APPROVAL,1429260,2026-01-13,"Fortress Biotech, Inc.  (FBIO, FBIOP)",2834,0001104659-26-003121,FBIOP
APPROVAL,1408443,2026-01-26,Milestone Pharmaceuticals Inc.  (MIST),2834,0001104659-26-006483,MIST
CRL,1398733,2026-02-02,"Aquestive Therapeutics, Inc.  (AQST)",2834,0001398733-26-000005,AQST
APPROVAL,879407,2026-02-05,"ARROWHEAD PHARMACEUTICALS, INC.  (ARWR)",2834,0000879407-26-000033,ARWR
CRL,1590877,2026-02-10,REGENXBIO Inc.  (RGNX),2836,0001193125-26-043342,RGNX
APPROVAL,1347178,2026-02-23,Vanda Pharmaceuticals Inc.  (VNDA),2834,0001628280-26-010376,VNDA
APPROVAL,1759425,2026-02-25,"Mirum Pharmaceuticals, Inc.  (MIRM)",2834,0001759425-26-000010,MIRM
APPROVAL,897448,2026-02-25,AMARIN CORP PLC\UK  (AMRN),2834,0001193125-26-068511,AMRN
APPROVAL,1396814,2026-02-26,"Pacira BioSciences, Inc.  (PCRX)",2834,0001628280-26-012238,PCRX
APPROVAL,1398733,2026-03-04,"Aquestive Therapeutics, Inc.  (AQST)",2834,0001398733-26-000016,AQST
APPROVAL,1211583,2026-03-16,FENNEC PHARMACEUTICALS INC.  (FENC),2836,0001104659-26-028595,FENC
CRL,1341235,2026-03-17,"Aldeyra Therapeutics, Inc.  (ALDX)",2834,0001193125-26-109511,ALDX
APPROVAL,1818382,2026-03-19,"Humacyte, Inc.  (HUMA, HUMAW)",2836,0001104659-26-031780,HUMAW
APPROVAL,1408443,2026-03-20,Milestone Pharmaceuticals Inc.  (MIST),2834,0001104659-26-032427,MIST
APPROVAL,1649904,2026-03-20,"RHYTHM PHARMACEUTICALS, INC.  (RYTM)",2834,0001628280-26-019995,RYTM
APPROVAL,1088856,2026-03-25,CORCEPT THERAPEUTICS INC  (CORT),2834,0001193125-26-123543,CORT
APPROVAL,1281895,2026-03-27,"ROCKET PHARMACEUTICALS, INC.  (RCKT, RCKTW)",2834,0001140361-26-011573,RCKTW
APPROVAL,1583648,2026-03-31,"PALVELLA THERAPEUTICS, INC.  (PVLA)",2834,0001193125-26-133332,PVLA
CRL,1737953,2026-04-13,"Replimune Group, Inc.  (REPL)",2836,0001104659-26-042141,REPL
APPROVAL,1438533,2026-04-14,"Travere Therapeutics, Inc.  (TVTX)",2834,0001438533-26-000032,TVTX
APPROVAL,949858,2026-04-16,"ACHIEVE LIFE SCIENCES, INC.  (ACHV)",2835,0001193125-26-159189,ACHV
CRL,1551152,2026-04-29,AbbVie Inc.  (ABBV),2834,0001551152-26-000013,ABBV
APPROVAL,818686,2026-04-29,"TEVA PHARMACEUTICAL INDUSTRIES LTD  (TEVA, TEVJF)",2834,0001171843-26-002796,TEVJF
APPROVAL,897448,2026-04-29,AMARIN CORP PLC\UK  (AMRN),2834,0001193125-26-188935,AMRN
APPROVAL,1579428,2026-04-30,"Axsome Therapeutics, Inc.  (AXSM)",2834,0001193125-26-197857,AXSM
APPROVAL,1618835,2026-04-30,"Evofem Biosciences, Inc.  (EVFM)",2834,0001493152-26-020417,EVFM
CRL,1341235,2026-05-01,"Aldeyra Therapeutics, Inc.  (ALDX)",2834,0001193125-26-199157,ALDX
APPROVAL,1655759,2026-05-01,"ARVINAS, INC.  (ARVN)",2834,0001628280-26-029210,ARVN
APPROVAL,1368514,2026-05-04,"ADMA BIOLOGICS, INC.  (ADMA)",2836,0001140361-26-018667,ADMA
APPROVAL,1649904,2026-05-05,"RHYTHM PHARMACEUTICALS, INC.  (RYTM)",2834,0001628280-26-030136,RYTM
APPROVAL,1759425,2026-05-06,"Mirum Pharmaceuticals, Inc.  (MIRM)",2834,0001759425-26-000036,MIRM
APPROVAL,1583648,2026-05-07,"PALVELLA THERAPEUTICS, INC.  (PVLA)",2834,0001193125-26-210605,PVLA
APPROVAL,887359,2026-05-07,Vericel Corp  (VCEL),2836,0001628280-26-031713,VCEL
APPROVAL,1655759,2026-05-12,"ARVINAS, INC.  (ARVN)",2834,0001628280-26-033875,ARVN
APPROVAL,1725160,2026-05-12,"Zentalis Pharmaceuticals, Inc.  (ZNTL)",2834,0001725160-26-000041,ZNTL
APPROVAL,1398733,2026-05-13,"Aquestive Therapeutics, Inc.  (AQST)",2834,0001398733-26-000029,AQST
APPROVAL,1710340,2026-05-14,"Eton Pharmaceuticals, Inc.  (ETON)",2834,0001437749-26-017063,ETON
APPROVAL,1701108,2026-06-22,"Spero Therapeutics, Inc.  (SPRO)",2834,0001193125-26-277506,SPRO
APPROVAL,874015,2026-06-24,IONIS PHARMACEUTICALS INC  (IONS),2834,0001140361-26-026232,IONS
APPROVAL,1430306,2026-06-29,Tonix Pharmaceuticals Holding Corp.  (TNXP),2834,0001493152-26-030408,TNXP
APPROVAL,1590750,2026-06-29,"Viridian Therapeutics, Inc.\DE  (VRDN)",2834,0001193125-26-286273,VRDN
APPROVAL,1649989,2026-07-24,"Outlook Therapeutics, Inc.  (OTLK)",2836,0001104659-26-086685,OTLK
APPROVAL,1088856,2026-07-29,CORCEPT THERAPEUTICS INC  (CORT),2834,0001628280-26-050607,CORT
APPROVAL,897448,2026-07-29,AMARIN CORP PLC\UK  (AMRN),2834,0001193125-26-323841,AMRN
APPROVAL,1583648,2026-08-04,"PALVELLA THERAPEUTICS, INC.  (PVLA)",2834,0001193125-26-331556,PVLA
APPROVAL,1649904,2026-08-04,"RHYTHM PHARMACEUTICALS, INC.  (RYTM)",2834,0001628280-26-052170,RYTM
APPROVAL,78003,2026-08-04,PFIZER INC  (PFE),2834,0000078003-26-000094,PFE
APPROVAL,1759425,2026-08-05,"Mirum Pharmaceuticals, Inc.  (MIRM)",2834,0001759425-26-000044,MIRM
APPROVAL,1802768,2026-08-05,Royalty Pharma plc  (RPRX),2834,0001802768-26-000014,RPRX
APPROVAL,1159036,2026-08-06,"HALOZYME THERAPEUTICS, INC.  (HALO)",2836,0001159036-26-000103,HALO
APPROVAL,1398733,2026-08-11,"Aquestive Therapeutics, Inc.  (AQST)",2834,0001398733-26-000041,AQST
APPROVAL,1649989,2026-08-12,"Outlook Therapeutics, Inc.  (OTLK)",2836,0001104659-26-094848,OTLK
APPROVAL,1979414,2026-08-12,"NEONC TECHNOLOGIES HOLDINGS, INC.  (NTHI)",2834,0001829126-26-008654,NTHI
APPROVAL,1737953,2026-08-14,"Replimune Group, Inc.  (REPL)",2836,0001104659-26-096483,REPL
APPROVAL,1937653,2026-08-25,Zymeworks Inc.  (ZYME),2834,0001937653-26-000051,ZYME
