session,ticker,arm,side,confidence,material,reason,releases,first_at,title,url,model,prompt_version,w945,w945_raw,w_day,w_day_raw,gap,gap_raw,w5d,w5d_raw,scored_at,scored_5d_at
2026-10-02,BNS.TO,full,LONG,0.6,True,"Increase in share buyback from 15M to 40M signals management confidence and reduces share count, which is positive.",1,2026-10-02T06:00:00-04:00,Scotiabank Amends Normal Course Issuer Bid to Repurchase Up to 40 Million of its Common Shares,https://www.newswire.ca/news-releases/scotiabank-amends-normal-course-issuer-bid-to-repurchase-up-to-40-million-of-its-common-shares-897833080.html,deepseek-v4-pro,day122-v1,-0.4275,-0.1996,-0.1243,0.3708,-0.1066,0.3333,,,2026-10-02T16:21:24.010099-04:00,
2026-10-02,BNS.TO,headline,LONG,0.65,True,"Amended issuer bid to repurchase up to 40 million shares is a positive signal, indicating management confidence and potential EPS accretion, likely to support the stock.",1,2026-10-02T06:00:00-04:00,Scotiabank Amends Normal Course Issuer Bid to Repurchase Up to 40 Million of its Common Shares,https://www.newswire.ca/news-releases/scotiabank-amends-normal-course-issuer-bid-to-repurchase-up-to-40-million-of-its-common-shares-897833080.html,deepseek-v4-pro,day122-v1,-0.4275,-0.1996,-0.1243,0.3708,-0.1066,0.3333,,,2026-10-02T16:21:24.010099-04:00,
2026-10-02,CAS.TO,full,SHORT,0.5,False,Announcement of earnings date is routine and unlikely to move the stock.,1,2026-10-02T08:30:00-04:00,"Cascades to Release Third Quarter 2026 Financial Results on November 5, 2026",https://www.newswire.ca/news-releases/cascades-to-release-third-quarter-2026-financial-results-on-november-5-2026-851776370.html,deepseek-v4-pro,day122-v1,0.09,-0.1379,1.1515,0.6565,0.1656,-0.2743,,,2026-10-02T16:21:24.010099-04:00,
2026-10-02,CAS.TO,headline,SHORT,0.55,False,"Announcement of earnings release date is routine and does not contain new fundamental information, likely to have no impact, but slight negative bias as no positive surprise is provided.",1,2026-10-02T08:30:00-04:00,"Cascades to Release Third Quarter 2026 Financial Results on November 5, 2026",https://www.newswire.ca/news-releases/cascades-to-release-third-quarter-2026-financial-results-on-november-5-2026-851776370.html,deepseek-v4-pro,day122-v1,0.09,-0.1379,1.1515,0.6565,0.1656,-0.2743,,,2026-10-02T16:21:24.010099-04:00,
2026-10-02,CP.TO,full,LONG,0.55,True,"Record grain transportation volumes indicate strong operational performance, likely to boost investor sentiment.",1,2026-10-02T09:00:00-04:00,"CPKC sets new September and quarterly grain records in Canada, U.S.",https://www.newswire.ca/news-releases/cpkc-sets-new-september-and-quarterly-grain-records-in-canada-u-s--846348295.html,deepseek-v4-pro,day122-v1,0.7073,0.9352,1.1899,1.6849,-0.2402,0.1996,,,2026-10-02T16:21:24.010099-04:00,
2026-10-02,CP.TO,headline,LONG,0.7,True,"Record grain volumes in Canada and U.S. indicate strong operational performance, which may boost revenue expectations and investor sentiment.",1,2026-10-02T09:00:00-04:00,"CPKC sets new September and quarterly grain records in Canada, U.S.",https://www.newswire.ca/news-releases/cpkc-sets-new-september-and-quarterly-grain-records-in-canada-u-s--846348295.html,deepseek-v4-pro,day122-v1,0.7073,0.9352,1.1899,1.6849,-0.2402,0.1996,,,2026-10-02T16:21:24.010099-04:00,
2026-10-02,CSH-UN.TO,full,SHORT,0.5,False,Results date announcement is routine and not expected to impact price.,1,2026-10-01T17:00:00-04:00,"Chartwell Third Quarter 2026 Results Release Date, Conference Call and Webcast",https://www.newswire.ca/news-releases/chartwell-third-quarter-2026-results-release-date-conference-call-and-webcast-844085884.html,deepseek-v4-pro,day122-v1,2.4751,2.2472,2.4077,1.9127,0.194,-0.2458,,,2026-10-02T16:21:24.010099-04:00,
2026-10-02,CSH-UN.TO,headline,SHORT,0.55,False,"Release date for quarterly results is routine and contains no new data, likely no material price movement, slight short bias due to lack of immediate catalysts.",1,2026-10-01T17:00:00-04:00,"Chartwell Third Quarter 2026 Results Release Date, Conference Call and Webcast",https://www.newswire.ca/news-releases/chartwell-third-quarter-2026-results-release-date-conference-call-and-webcast-844085884.html,deepseek-v4-pro,day122-v1,2.4751,2.2472,2.4077,1.9127,0.194,-0.2458,,,2026-10-02T16:21:24.010099-04:00,
2026-10-02,KMP-UN.TO,full,SHORT,0.5,False,Timing of results and webcast is routine information with no price impact.,1,2026-10-01T16:00:00-04:00,Killam Apartment REIT Announces Timing of Q3 2026 Results and Webcast,https://www.newswire.ca/news-releases/killam-apartment-reit-announces-timing-of-q3-2026-results-and-webcast-854527842.html,deepseek-v4-pro,day122-v1,0.8023,0.5744,1.1839,0.6889,-0.0795,-0.5193,,,2026-10-02T16:21:24.010099-04:00,
2026-10-02,KMP-UN.TO,headline,SHORT,0.55,False,"Timing of results announcement is a routine corporate update with no operational or financial details, unlikely to move the stock materially.",1,2026-10-01T16:00:00-04:00,Killam Apartment REIT Announces Timing of Q3 2026 Results and Webcast,https://www.newswire.ca/news-releases/killam-apartment-reit-announces-timing-of-q3-2026-results-and-webcast-854527842.html,deepseek-v4-pro,day122-v1,0.8023,0.5744,1.1839,0.6889,-0.0795,-0.5193,,,2026-10-02T16:21:24.010099-04:00,
2026-10-05,APTX.TO,full,LONG,0.55,True,"Closing of $1.25B inaugural investment-grade notes offering reduces refinancing risk and strengthens balance sheet, a positive but likely less impactful as the offering was previously announced.",1,2026-10-05T09:09:00-04:00,"APOTEX HEALTH CORP. ANNOUNCES CLOSING OF $1,250 MILLION INAUGURAL SENIOR UNSECURED NOTES OFFERING",https://www.newswire.ca/news-releases/apotex-health-corp-announces-closing-of-1-250-million-inaugural-senior-unsecured-notes-offering-859693393.html,deepseek-v4-pro,day122-v1,,,,,,,,,,
2026-10-05,APTX.TO,headline,SHORT,0.6,True,"The $1,250 million senior unsecured notes offering adds significant debt and potential interest expense, which is negative for shareholders.",1,2026-10-05T09:09:00-04:00,"APOTEX HEALTH CORP. ANNOUNCES CLOSING OF $1,250 MILLION INAUGURAL SENIOR UNSECURED NOTES OFFERING",https://www.newswire.ca/news-releases/apotex-health-corp-announces-closing-of-1-250-million-inaugural-senior-unsecured-notes-offering-859693393.html,deepseek-v4-pro,day122-v1,,,,,,,,,,
2026-10-05,BEI-UN.TO,full,LONG,0.65,True,"Operational update shows sequential occupancy improvement to 97.1% in October, strong leasing momentum, and capital recycling at prices in line with IFRS values, all positive signals that may not be fully priced in.",1,2026-10-05T07:30:00-04:00,BOARDWALK REIT PROVIDES OPERATIONAL UPDATE AND ANNOUNCES TIMING OF THIRD QUARTER RESULTS,https://www.newswire.ca/news-releases/boardwalk-reit-provides-operational-update-and-announces-timing-of-third-quarter-results-857409125.html,deepseek-v4-pro,day122-v1,,,,,,,,,,
2026-10-05,BEI-UN.TO,headline,LONG,0.55,False,"Operational update and results timing announcement is routine with no new material information, so market reaction may be muted but slightly positive if operational update hints at strength.",1,2026-10-05T07:30:00-04:00,BOARDWALK REIT PROVIDES OPERATIONAL UPDATE AND ANNOUNCES TIMING OF THIRD QUARTER RESULTS,https://www.newswire.ca/news-releases/boardwalk-reit-provides-operational-update-and-announces-timing-of-third-quarter-results-857409125.html,deepseek-v4-pro,day122-v1,,,,,,,,,,
2026-10-05,CM.TO,full,LONG,0.5,False,Announcement of three new mutual funds is routine product expansion with minimal near-term impact on a large bank's stock.,1,2026-10-05T07:00:00-04:00,CIBC and CIBC Global Asset Management expand access to existing ETF strategies with three new mutual funds,https://www.newswire.ca/news-releases/cibc-and-cibc-global-asset-management-expand-access-to-existing-etf-strategies-with-three-new-mutual-funds-856151230.html,deepseek-v4-pro,day122-v1,,,,,,,,,,
2026-10-05,CM.TO,headline,LONG,0.55,False,"Expanding ETF strategies into mutual funds is a routine product expansion that could attract more assets, mildly positive but not materially market-moving.",1,2026-10-05T07:00:00-04:00,CIBC and CIBC Global Asset Management expand access to existing ETF strategies with three new mutual funds,https://www.newswire.ca/news-releases/cibc-and-cibc-global-asset-management-expand-access-to-existing-etf-strategies-with-three-new-mutual-funds-856151230.html,deepseek-v4-pro,day122-v1,,,,,,,,,,
2026-10-05,HR-UN.TO,full,LONG,0.6,True,"Acquisition of Lantower projects provides liquidity to REDT unitholders at a 20% annualized return and simplifies H&R's structure, but the transaction was already known from the August change of control announcement.",1,2026-10-05T07:30:00-04:00,LANTOWER RESIDENTIAL REAL ESTATE DEVELOPMENT TRUST (NO. 1) AND H&R REAL ESTATE INVESTMENT TRUST ANNOUNCE AGREEMENT FOR H&R TO ACQUIRE LANTOWER PROJECTS,https://www.newswire.ca/news-releases/lantower-residential-real-estate-development-trust-no-1-and-h-amp-r-real-estate-investment-trust-announce-agreement-for-h-amp-r-to-acquire-lantower-projects-818027171.html,deepseek-v4-pro,day122-v1,,,,,,,,,,
2026-10-05,HR-UN.TO,headline,LONG,0.65,True,"Acquisition of Lantower projects is a material expansion that could be accretive and signals growth, likely viewed positively by investors.",1,2026-10-05T07:30:00-04:00,LANTOWER RESIDENTIAL REAL ESTATE DEVELOPMENT TRUST (NO. 1) AND H&R REAL ESTATE INVESTMENT TRUST ANNOUNCE AGREEMENT FOR H&R TO ACQUIRE LANTOWER PROJECTS,https://www.newswire.ca/news-releases/lantower-residential-real-estate-development-trust-no-1-and-h-amp-r-real-estate-investment-trust-announce-agreement-for-h-amp-r-to-acquire-lantower-projects-818027171.html,deepseek-v4-pro,day122-v1,,,,,,,,,,
2026-10-05,NGEX.TO,full,SHORT,0.55,True,"Filing of meeting materials for the spin-out is a procedural step toward the previously announced arrangement; the market may have already priced in the spin-out, and the added complexity of share exchange could create selling pressure.",1,2026-10-02T17:30:00-04:00,NGEx Minerals Files Notice of Special Meeting and Information Circular for Proposed Spin-Out of the Valle Ancho Project,https://www.newswire.ca/news-releases/ngex-minerals-files-notice-of-special-meeting-and-information-circular-for-proposed-spin-out-of-the-valle-ancho-project-874227503.html,deepseek-v4-pro,day122-v1,,,,,,,,,,
2026-10-05,NGEX.TO,headline,LONG,0.6,True,"Proposed spin-out of Valle Ancho Project could unlock value and focus core operations, generally perceived as positive for shareholders.",1,2026-10-02T17:30:00-04:00,NGEx Minerals Files Notice of Special Meeting and Information Circular for Proposed Spin-Out of the Valle Ancho Project,https://www.newswire.ca/news-releases/ngex-minerals-files-notice-of-special-meeting-and-information-circular-for-proposed-spin-out-of-the-valle-ancho-project-874227503.html,deepseek-v4-pro,day122-v1,,,,,,,,,,
2026-10-05,SVM.TO,full,SHORT,0.5,False,Annual meeting results are routine corporate governance matters with no new information likely to move the stock.,1,2026-10-02T19:00:00-04:00,Silvercorp Reports 2026 Annual General and Special Meeting Results,https://www.newswire.ca/news-releases/silvercorp-reports-2026-annual-general-and-special-meeting-results-808372749.html,deepseek-v4-pro,day122-v1,,,,,,,,,,
2026-10-05,SVM.TO,headline,LONG,0.5,False,"Meeting results are routine and unlikely to cause significant price movement; direction uncertain, slight lean to long based on no negative news.",1,2026-10-02T19:00:00-04:00,Silvercorp Reports 2026 Annual General and Special Meeting Results,https://www.newswire.ca/news-releases/silvercorp-reports-2026-annual-general-and-special-meeting-results-808372749.html,deepseek-v4-pro,day122-v1,,,,,,,,,,
