Code,Name,Type,Currency,Isin
0P0001D8QF,BMO Concentrated Global Equity Fund Adv Ser,FUND,CAD,
AAA,Allana Potash Corp,Common Stock,CAD,CA0167351026
AAH,Aastra Technologis (AAH.TO,Common Stock,CAD,
AAR-UN,Pure Industrial Real Estate Trust,Common Stock,CAD,
ABCT,ABC Technologies Holdings Inc,Common Stock,CAD,
ABK-A,Allbanc Split Corp Class A Capital Shs (ABK-A.TO,Common Stock,CAD,
ABO-B,Arbor Memorial Services Inc Cl B. Nv (ABO-B.TO,Common Stock,CAD,
ABST,Absolute Software Corporation,Common Stock,CAD,CA00386B1094
ABT,Absolute Software Corporation,Common Stock,CAD,
ABTC,Accelerate Carbon-Negative Bitcoin ETF,ETF,CAD,CA00439L1040
ACBFF,Aurora Cannabis Inc,Common Stock,CAD,
ACI,TriSummit Utilities Inc,Common Stock,CAD,
ACM-A,Astral Media Inc Cl A. Nv (ACM-A.TO,Common Stock,CAD,
ACM-B,Astral Media Inc Cl B. Sv (ACM-B.TO,Common Stock,CAD,
ACO-Y,ATCO Ltd.,Common Stock,CAD,CA0467895094
ACZ,Middlefield US Equity Dividend ETF,ETF,CAD,CA5962971019
AD,Alaris Equity Partners Income Trust,Common Stock,CAD,CA01163Q4007
ADVZ,ADVANZ PHARMA Corp. Limited,Common Stock,CAD,JE00BJVH6L55
AEF,Apollo Healthcare Corp,Common Stock,CAD,
AEP,Atlas Engineered Products Ltd,Common Stock,CAD,
AEZS,Aeterna Zentaris Inc,Common Stock,CAD,CA0079754028
AF,AlarmForce Industries Inc,Common Stock,CAD,
AFN-DBA,AG GROWTH INTL INC 5.25 PCT DEB,FUND,CAD,
AFN-DBB,AG GROWTH INTERNATIONAL 5.25 PC,FUND,CAD,
AGB,Atlantic Gold Corp,Common Stock,GBP,
AGR-UN,Sustainable Agriculture & Wellness Dividend Fund,FUND,CAD,
AGRI-RT-U,Agrinam Acquisition Corporation,Common Stock,CAD,
AGRI-V,Agrinam Acquisition Corporation,Common Stock,USD,
AGT,AGT Food and Ingredients Inc,Common Stock,CAD,
AGU,Agrium Inc,Common Stock,CAD,
AH,Aleafia Health Inc,Common Stock,CAD,CA01444Q1046
AHC,Apollo Healthcare Corp,Common Stock,CAD,CA0376311084
AHY-UN,Advantaged Canadian High Yield Bond Fund,FUND,CAD,
AI-DB,ATRIUM MORTGAGE INV CORP 5.25 P,FUND,CAD,
AI-DBA,ATRIUM MORTGAGE INV CORP 6.25 P,FUND,CAD,
AIGO,Global X Artificial Intelligence & Technology Index ETF,ETF,CAD,CA37949S1048
AII,Almonty Industries Inc,Common Stock,CAD,CA0203987072
AIM-PB,AIM-PB,Common Stock,CAD,
AJX,AgJunction Inc,Common Stock,CAD,CA00847V1085
AKE,Allkem Ltd,Common Stock,CAD,AU0000193666
AKG,Galiano Gold Inc,Common Stock,CAD,CA04341Y1051
AKT-A,AKITA Drilling Ltd,Common Stock,CAD,
AKT-B,AKITA Drilling Ltd,Common Stock,CAD,
AKU,Akumin Inc,Common Stock,CAD,CA01021F1099
ALA-PA,Altagas Cum Red 5 Yr Rate A Prf,Preferred Stock,CAD,CA0213612090
ALA-PB,Altagas Ltd Pref B,Preferred Stock,CAD,CA0213613080
ALA-PE,Altagas Ltd Pref E,Common Stock,CAD,CA0213618030
ALA-PH,AltaGas Ltd,Preferred Stock,CAD,CA0213618782
ALA-PI,ALA-PI,Common Stock,CAD,
ALA-PK,AltaGas Ltd,Common Stock,CAD,
ALA-PU,Altagas Ltd Pref U,Common Stock,USD,CA0213615069
ALB,Allbanc Split Corp. II,Common Stock,CAD,CA01674P1071
ALB-PC,Allbanc Split Corp. II,Common Stock,CAD,
ALEF,Aleafia Health Inc,Common Stock,CAD,CA01444Q1046
ALFA,Accelerate Private Equity Alpha Fund,ETF,CAD,CA00436R1047
ALO,Alio Gold Inc,Common Stock,CAD,
AMI,AMI,Common Stock,CAD,
AMM,Almaden Minerals Ltd,Common Stock,CAD,CA0202833053
AND,Andlauer Healthcare Gr,Common Stock,CAD,CA0342231077
ANS,Ainsworth Lumber Co Ltd,Common Stock,CAD,
ANX,Anaconda Mining Inc,Common Stock,CAD,CA82664T1012
AOI,Africa Oil Corp,Common Stock,CAD,CA00829Q1019
AOT,Ascot Resources Ltd.,Common Stock,CAD,CA04364G1063
APH_old,Aphria Inc,Common Stock,CAD,
APHA,Tilray Inc,Common Stock,CAD,CA03765K1049
APHQF,Aphria Inc,Common Stock,CAD,
APS,Aptose Biosciences Inc,Common Stock,CAD,CA03835T2002
APY,Anglo Pacific Group,Common Stock,CAD,GB0006449366
AQA,Aquila Resources Inc,Common Stock,CAD,CA03841G1019
AR,Argonaut Gold Inc,Common Stock,CAD,CA04016A1012
ARKG,BMO ARK Genomic Revolution Fund,Common Stock,CAD,
ARKK,BMO ARK Innovation Fund,Common Stock,CAD,
ARKW,BMO ARK Next Generation Internet Fund,Common Stock,CAD,
ARR,Altius Renewable Royalties Corp,Common Stock,CAD,
ARX,ARC Resources Ltd.,Common Stock,CAD,CA00208D4084
ARZ,Old API Wind-down Ltd,Common Stock,CAD,CA03852X1006
ASCU,Arizona Sonoran Copper Company Inc,Common Stock,CAD,CA04058Q1054
ASD,Horizons Australian Dollar Currency ETF (ASD.TO,ETF,CAD,
ASND,Ascendant Resources Inc,Common Stock,CAD,CA0435041094
ASO,Avesoro Resources Inc,Common Stock,CAD,
ASP,Acerus Pharmaceuticals Corporation,Common Stock,CAD,CA00444G4051
ASR,Alacer Gold Corp,Common Stock,CAD,CA0106791084
AT,AcuityAds Holdings Inc,Common Stock,CAD,CA00510L1067
ATA,ATS Automation Tooling Systems Inc.,Common Stock,CAD,CA0019401052
ATCU,Alta Copper Corp.,Common Stock,CAD,
ATD-A,Alimentation Couche-Tard Inc,Common Stock,CAD,
ATD-B,Alimentation Couche-Tard Inc,Common Stock,CAD,CA01626P4033
ATE,Antibe Therapeutics Inc.,Common Stock,CAD,CA0370255097
ATL,Atlatsa Resources Corporation,Common Stock,CAD,
ATLE,Atlas Energy Corp.,Common Stock,CAD,
ATMD,BetaPro Equal Weight Canadian Bank -2x Daily Bear ETF,ETF,CAD,
ATMU,BetaPro Equal Weight Canadian Bank 2x Daily Bull ETF,ETF,CAD,
ATP,Atlantic Power Corporation,Common Stock,CAD,CA04878Q8636
ATP-DBD,ATLANTIC POWER CORP 6.00 PCT SE,FUND,CAD,
ATP-DBU,ATLANTIC POWER CORP 5.75 PCT DE,FUND,USD,
AUG,Fury Gold Mines Limited,Common Stock,CAD,
AUP,Aurinia Pharmaceuticals Inc,Common Stock,CAD,CA05156V1022
AVK,Avnel Gold Mining Ltd,Common Stock,CAD,
AVO,Avigilon Corporation,Common Stock,CAD,
AVP,Avcorp Industries Inc.,Common Stock,CAD,CA05354K3047
AVR,Avion Gold Corporation (AVR.TO,Common Stock,CAD,
AW-UN,A&W Revenue Royalties Income Fund,Common Stock,CAD,CA0002551095
AX-PA,Artis Real Estate Investment Trust A,Preferred Stock,CAD,CA04315L3039
AX-PE,Artis Real Estate Investment Trust Pref E,Preferred Stock,CAD,CA04315L7097
AX-PI,Artis Real Estate Investment Trust,Preferred Stock,CAD,CA04315L8657
AX-UN,Artis Real Estate Investment Trust,Common Stock,CAD,CA04315L1058
AXIS,Axis Auto Finance Inc,Common Stock,CAD,CA05465J1057
AXR,Alexco Resource Corp,Common Stock,CAD,
AXU,Alexco Resource Corp,Common Stock,CAD,CA01535P1062
AXY,Alterra Power Corp,Common Stock,CAD,
AYM,Atalaya Mining Ltd,Common Stock,CAD,CY0106002112
AZ,Arizona Mining Inc,Common Stock,CAD,CA0405211065
AZG,Arizona Gold Corp,Common Stock,CAD,CA78573W1023
AZP-PA,AZP-PA,Preferred Stock,CAD,
AZP-PB,AZP-PB,Preferred Stock,CAD,
AZP-PC,AZP-PC,Common Stock,CAD,
AZZ,Azarga Uranium Corp,Common Stock,CAD,CA05477Y1088
BA,Bell Aliant Inc,Common Stock,CAD,
BAA,Banro Corporation,Common Stock,CAD,
BABY,Else Nutrition Holdings Inc,Common Stock,CAD,CA2902571041
BAD,Badger Daylighting Ltd,Common Stock,CAD,CA0565331026
BAM-A,Brookfield Asset Management Inc,Common Stock,CAD,CA1125851040
BAM-PC,Brookfield Asset Management Inc Pref C,Preferred Stock,CAD,CA1125854010
BAM-PE,Brookfield Asset Management Inc Pref E,Preferred Stock,CAD,CA1125855009
BAM-PFA,Brookfield Asset Management Inc,Preferred Stock,CAD,
BAM-PFB,Brookfield Asset Management Inc Preferred Series 34,Preferred Stock,CAD,CA1125856254
BAM-PFC,Brookfield Asset Cl A 36 Cum Prf,Preferred Stock,CAD,CA1125855918
BAM-PFD,Brookfield Asset Management Inc Pref A 37,Preferred Stock,CAD,CA1125855678
BAM-PFE,Brookfield Asset Management Inc Pref A 38,Common Stock,CAD,CA1125855595
BAM-PFF,Brookfield Asset Management Inc Pref A 40,Common Stock,CAD,CA1125855348
BAM-PFG,Brookfield Asset Management Inc,Preferred Stock,CAD,
BAM-PFH,Brookfield Asset Management Inc Pref A 44,Common Stock,CAD,CA1125854846
BAM-PFI,Brookfield Asset Management Inc Pref 46,Common Stock,CAD,CA1125854507
BAM-PFJ,Brookfield Asset Management Inc Pref Class A,Common Stock,CAD,CA1125854275
BAM-PG,Brookfield Asset Management Inc Pref G,Preferred Stock,CAD,CA1125856098
BAM-PM,Brookfield Asset Management Inc Pref M,Preferred Stock,CAD,CA1125858318
BAM-PN,Brookfield Asset Managemnt 18 Prf,Common Stock,CAD,CA1125858235
BAM-PR,Brookfield Asset Management Inc Pref R,Preferred Stock,CAD,CA1125857401
BAM-PS,BAM-PS,Common Stock,CAD,
BAM-PT,Brookfield Asset Management Inc Pref 26,Preferred Stock,CAD,CA1125857245
BAM-PX,Brookfield Asset Management Inc Pref 28,Preferred Stock,CAD,CA1125856908
BAM-PZ,Brookfield Asset Management Inc Preferred Series 30,Preferred Stock,CAD,CA1125856668
BAMR,Brookfield Asset Management Reinsurance Partners Ltd,Common Stock,CAD,BMG161691073
BANK_old,BMO Global Banks Hedged to CAD Index ETF,ETF,CAD,CA05583Q1063
BAR,Balmoral Resources Ltd,Common Stock,CAD,
BBIG,Global X Global BBIG Technology ETF,ETF,CAD,CA4405171006
BBL-A,Brampton Brick Limited,Common Stock,CAD,
BBTV,BBTV Holdings Inc,Common Stock,CAD,CA05551N1015
BBU-UN,Brookfield Business Partners L.P.,Common Stock,CAD,BMG162341090
BC-U,Vintage Wine Estates Inc,Common Stock,USD,
BCB,Primo Water Corporation,Common Stock,CAD,
BCE-PJ,Bce Inc Pref J,Preferred Stock,CAD,CA05534B6531
BCE-PN,BCE Inc Pref N,Preferred Stock,CAD,CA05534B6382
BCE-PO,BCE Inc,Common Stock,CAD,
BCI,New Look Vision Group Inc,Common Stock,CAD,CA64672W1023
BDEQ,Black Diamond Global Equity Fund ETF,ETF,CAD,CA09204K1003
BDIC,Black Diamond Impact Core Equity Fund,FUND,CAD,
BDOP,Black Diamond Distressed Opportunities Fund ETF,FUND,CAD,CA09205C1077
BEP-PE,Brookfield Renewable Partners L.P,Common Stock,CAD,
BEP-PG,Brookfield Renewable Energy Partners LP Pref G,Preferred Stock,CAD,BMG162581323
BEP-PI,Brookfield Renewable Partners L.P,Common Stock,CAD,
BEP-PK,Brookfield Renewable Partners L.P,Common Stock,CAD,
BEP-PO,Brookfield Renewable Partners LP Pref Class A Series 15,Common Stock,CAD,BMG162582156
BFIN-U_old,Brompton North American Financials Dividend ETF,ETF,USD,
BIG-D,Big 8 Split Inc,Common Stock,CAD,
BIK-PA,Bip Investment Corp,Preferred Stock,CAD,CA09075W2094
BILT,Evolve Slate Global Real Estate Enhanced Yield Fund,Common Stock,CAD,
BIOA,BioAmber Inc,Common Stock,CAD,
BIP-PA,Brookfield Infrastructure Partners LP Pref A,Preferred Stock,CAD,BMG162521279
BIP-PB,Brookfield Infrastructure Partners LP Pref B,Preferred Stock,CAD,BMG162521436
BIP-PC,Brookfield Infrastructure Partners L.P,Common Stock,CAD,
BIP-PD,Brookfield Infrastructure Partners L.P,Common Stock,CAD,
BIR-PA,Birchcliff Energy Ltd Pref A,Preferred Stock,CAD,CA0906975093
BIR-PC,Birchcliff Energy Ltd Pref B,Preferred Stock,CAD,CA0906977073
BITC,Ninepoint Bitcoin ETF CAD,ETF,CAD,CA6544491070
BITC-UN,Ninepoint Bitcoin ETF,ETF,CAD,
BITF,Bitfarms Ltd,Common Stock,CAD,
BIVC,Capstone Biblically Informed Canadian Equity Fund,FUND,CAD,
BIVU,Capstone Biblically Informed U.S. Equity Fund,FUND,CAD,
BKCH,Horizons Big Data & Hardware Index ETF,ETF,CAD,CA44054N1024
BKCH-U,Horizons Big Data & Hardware Index ETF,ETF,USD,
BKL-C,Invesco Senior Loan Index ETF CAD,ETF,CAD,
BKL-F,Invesco Senior Loan Index ETF,ETF,CAD,
BKL-U,Invesco Senior Loan Index ETF USD,ETF,USD,
BKX,Kolibri Global Energy Inc,Common Stock,CAD,CA50043K1093
BL-UN,Global Innovation Dividend Fund,ETF,CAD,
BLB-UN,Bloom Select Income Fund,FUND,CAD,
BLDR,Global X North American Infrastructure Development Index ETF,ETF,CAD,CA44056Q1037
BLN,Blackline Safety Corp,Common Stock,CAD,CA0923821007
BLOC,BLOC,Common Stock,CAD,
BLU,BELLUS Health Inc.,Common Stock,CAD,CA07987C2040
BLX,Boralex Inc,Common Stock,CAD,CA09950M3003
BMO-PA,BMO-PA,Common Stock,CAD,
BMO-PB,Bank of Montreal,Common Stock,CAD,
BMO-PC,Bank of Montreal,Common Stock,CAD,
BMO-PD,Bank of Montreal Class B,Common Stock,CAD,CA06367X8879
BMO-PF,Bank of Montreal Pref Series 46,Common Stock,CAD,CA06368B1085
BMO-PJ,Bank of Montreal NON-CUM CL B PRF SHAR SER,Preferred Stock,CAD,
BMO-PM,Bank of Montreal CL B PREF SER 16,Preferred Stock,CAD,
BMO-PQ,BMO-PQ,Preferred Stock,CAD,
BMO-PR,BMO CL B PREF SHARES SER 17,Preferred Stock,CAD,
BMO-PS,Bank of Montreal Pref S,Common Stock,CAD,CA0636794012
BMO-PT,Bank of Montreal Pref T,Common Stock,CAD,CA0636796090
BMO-PW,Bank of Montreal Pref W,Preferred Stock,CAD,CA0636798807
BMO-PY,Bank of Montreal Pref Y,Preferred Stock,CAD,CA06367X2005
BMO-PZ,BMO-PZ,Common Stock,CAD,
BN-PFH,Brookfield Corporation,Preferred Stock,CAD,
BNAU,Battle North Gold Corporation,Common Stock,CAD,CA07160B1067
BNP,Bonavista Energy Corporation,Common Stock,CAD,CA09784Y1088
BNRE,BROOKFIELD REINSURANCE LTD,Common Stock,CAD,BMG161691073
BNS-PD,BNS-PD,Common Stock,CAD,
BNS-PE,BNS-PE,Common Stock,CAD,
BNS-PF,BNS-PF,Common Stock,CAD,
BNS-PG,The Bank of Nova Scotia,Common Stock,CAD,
BNS-PH,The Bank of Nova Scotia,Common Stock,CAD,
BNS-PI,Bank of Nova Scotia Pref Series 40,Common Stock,CAD,CA06415E3032
BNS-PP,Bank of Nova Scotia NON-CUM PRE,Preferred Stock,CAD,
BNS-PQ,BNS-PQ,Preferred Stock,CAD,
BNS-PR,BNS-PR,Preferred Stock,CAD,
BNS-PY,BNS-PY,Preferred Stock,CAD,
BNS-PZ,BNS-PZ,Preferred Stock,CAD,
BOY,Boyuan Construction Group Inc,Common Stock,CAD,CA10363P1045
BOY-DBA,BOYUAN CONSTR GRP INC 10 PCT DB,FUND,CAD,
BPO-PC,Brookfield Office Properties Inc Pref C,Preferred Stock,CAD,CA1129006674
BPO-PS,Brookfield Office Properties Inc,Common Stock,CAD,
BPRF-U,Brompton Flaherty & Crumrine Investment Grade Preferred ETF,ETF,USD,CA11221N2086
BPY-UN,Brookfield Property Partners L.P,Common Stock,CAD,BMG162491077
BRB,Waterloo Brewing Ltd,Common Stock,CAD,
BRD,Brigus Gold Corp (BRD.TO,Common Stock,CAD,
BREA,Brompton Sustainable Real Assets Dividend ETF,ETF,CAD,CA11223H1001
BRIO,Brio Gold Inc,Common Stock,CAD,
BRMI,Boat Rocker Media Inc,Common Stock,CAD,CA09664U1012
BSC,BNS Split Corp II,Common Stock,CAD,CA05567U1075
BSC-PC,BSC-PC,Common Stock,CAD,
BSD-PA,BSD-PA,Preferred Stock,CAD,
BSD-UN,Soundvest Split Trust,Common Stock,CAD,
BSO-UN,Brookfield Select Opportunities Income Fund,FUND,CAD,
BT,Bonnetts Energy Corp,Common Stock,CAD,
BTCG-U,CI Galaxy Bitcoin Fund,ETF,USD,
BTCG-UN,CI Galaxy Bitcoin Fund,ETF,CAD,
BUA-UN,Bloom U.S. Income & Growth Fund,ETF,CAD,
BUI,Buhler Industries Inc.,Common Stock,CAD,CA1199181001
BX_old,BIOX Corporation,Common Stock,CAD,
BXE,Bellatrix Exploration Ltd.,Common Stock,CAD,CA0783147055
BXS-DBC,BARCLAYS BANK FIXED RATE NOTES,FUND,CAD,
BYD-UN,Boyd Group Income Fund,FUND,CAD,CA1033091002
CAFR,CIBC Active Investment Grade Floating Rate Bond ETF,ETF,CAD,CA12546T1021
CAL,Caledonia Mining Corporation Plc,Common Stock,CAD,JE00BF0XVB15
CAN,Horizons Canadian Dollar Currency ETF,ETF,CAD,CA44053E1034
CAPS,Evolve Active US Core Equity Fund Hedged Units,ETF,CAD,CA30051L2075
CAPS-B,Evolve Active US Core Equity Fund UnHedged Units,FUND,CAD,
CAPS-U,Evolve Active US Core Equity Fund U.S. Dollar Denominated Unhedged units,FUND,USD,
CARA,Cara Operations Limited,Common Stock,CAD,
CARB,Global X Carbon Credits ETF,ETF,CAD,CA4404631075
CARE,Dialogue Health Technologies Inc,Common Stock,CAD,CA25249F1045
CARS-B,Evolve Automobile Innovation Index Fund,ETF,CAD,CA30052J2011
CARS-U,Evolve Automobile Innovation Index Fund - UnHedged Units,FUND,USD,
CBD,iShares Balanced Inc CorePort ETF Comm,ETF,CAD,
CBD-U,Hempfusion Wellness Inc,Common Stock,USD,
CBL_old,Callidus Capital Corp,Common Stock,CAD,
CBN,iShares Balanced Gr CorePort ETF Comm,ETF,CAD,
CBO-A,iShares 1-5 Year Laddered Corporate Bond Index ETF,ETF,CAD,
CBQ,iShares BRIC Comm,ETF,CAD,
CBQ-A,ISHARES BRIC ETF AC,ETF,CAD,
CBR,CBR,ETF,CAD,
CCOR,CI DoubleLine Core Plus Fixed Income US$ Fund ETF C$ Hedged Series,ETF,CAD,CA12548Q1063
CCOR-B,CI DoubleLine Core Plus Fixed Income US$ Fund,ETF,CAD,CA12548Q2053
CCOR-U,CI DoubleLine Core Plus Fixed Income US$ Fund,ETF,USD,CA12548Q3044
CCT,Catamaran Corporation,Common Stock,CAD,
CCX,Canadian Crude Oil Index ETF,ETF,CAD,CA1356242034
CCZ,Critical Control Energy Services Corp,Common Stock,CAD,
CDAY,Ceridian HCM Holding Inc,Common Stock,CAD,US15677J1088
CDH,Headwater Exploration Inc,Common Stock,CAD,
CDNA,CI Bio-Revolution Index ETF,ETF,CAD,CA12545U1003
CDV,Cardinal Resources Limited,Common Stock,CAD,AU000000CDV9
CDZ-A,iShares S&P/TSX Canadian Dividend Aristocrats Index ETF,ETF,CAD,
CED,CI First Asset Core Canadian Equity ETF Common Units,ETF,CAD,CA12555A1012
CEE,Centamin PLC,Common Stock,CAD,JE00B5TT1872
CEF-A,Central Fund of Canada Ltd,FUND,CAD,
CEN,Coastal Energy Company,Common Stock,CAD,
CERV,Cervus Equipment Corporation,Common Stock,CAD,CA15712L1004
CES,CI First Asset Core U.S. Equity ETF (CAD Hedged) Common Units,ETF,CAD,CA12555L1076
CES-B,CI First Asset Core U.S. Equity ETF,ETF,CAD,
CES-U,First Asset Core U.S. Equity ETF (USD),ETF,CAD,
CET,Cathedral Energy Services Ltd,Common Stock,CAD,CA14916J1021
CEW-A,iShares Equal Weight Banc & Lifeco ETF,ETF,CAD,
CFX,Canfor Pulp Products Inc.,Common Stock,CAD,CA1375842079
CGA,Cga Mining Limited (CGA.TO,Common Stock,CAD,
CGGZ-UN,Taiga Motors Corporation,Common Stock,CAD,
CGI-PD,Canadian General Investments Ltd Pref D,Common Stock,CAD,CA1358254045
CGT,Orea Mining Corp,Common Stock,CAD,
CGX-DBA,CINEPLEX INC 4.50 PCT DEBS,FUND,CAD,
CHB,iShares US High Yield Fixed Income (CAD Hedged) Common Class,ETF,CAD,CA46432G1054
CHB-A,ISHARES ADV US HY BOND IDX ETF,ETF,CAD,
CHH,CareRx Corporation,Common Stock,CAD,
CHI,CHI,ETF,CAD,
CHW,Chesswood Group Limited,Common Stock,CAD,CA16550A1075
CIE,iShares International Fundamental Comm,ETF,CAD,
CINC,CI DoubleLine Income US$ Fund ETF C$ Hedged Series,ETF,CAD,CA12558U1049
CINC-B,CI DoubleLine Income US$ Fund,ETF,CAD,CA12558U2039
CINC-U,CI DoubleLine Income US$ Fund,ETF,USD,CA12558U3029
CIQ-UN,Canadian High Income Equity Fund,FUND,CAD,
CIX,CI Financial Corp,Common Stock,CAD,CA1254911003
CJP,iShares Japan Fundamental (CAD-Hdg) Comm,ETF,CAD,
CJT-A,Cargojet Inc,Common Stock,CAD,
CKE,Chinook Energy Inc,Common Stock,CAD,
CKG,Chesapeake Gold Corp,Common Stock,GBP,
CLE,Clean Commodities Corp,Common Stock,CAD,
CLIQ,Alcanna Inc,Common Stock,CAD,CA01374C1095
CLMT,Purpose Global Climate Opportunities Fund ETF,ETF,CAD,CA74642J1075
CLO,CLO,ETF,CAD,
CLP-UN,International Clean Power Dividend Fund,FUND,CAD,
CLQ,Clean TeQ Holdings Limited,Common Stock,CAD,AU000000CLQ2
CLR,Clearwater Seafoods Incorporated,Common Stock,CAD,CA18538U1066
CLT,Celtic Exploration Ltd. (CLT.TO,Common Stock,CAD,
CLU,iShares US Fundamental (CAD-Hedged) Comm,ETF,CAD,
CLUP,SavvyLong Geared Crude Oil ETF,ETF,CAD,
CM-PG,CM-PG,Preferred Stock,CAD,
CM-PO,Canadian Imperial Bank of Commerce Pref O,Common Stock,CAD,CA1360694402
CM-PP,Canadian Imperial Bank of Commerce Pref P,Preferred Stock,CAD,CA1360694246
CM-PQ,Canadian Imperial Bank of Commerce Pref Q,Preferred Stock,CAD,CA1360693909
CM-PR,Canadian Imperial Bank of Commerce Class A,Common Stock,CAD,CA1360702080
CM-PT,Canadian Imperial Bank of Commerce Pref 49,Common Stock,CAD,CA1360707949
CM-PY,Canadian Imperial Bank of Commerce Pref 51,Common Stock,CAD,CA13607G7993
CMCE,CIBC Multifactor Canadian Equity,ETF,CAD,CA12545N1069
CMED,CanniMed Therapeutics Inc,Common Stock,CAD,
CMGG-U,CI Munro Global Growth Equity Fund ETF USD Hedged,ETF,USD,
CMH,Carmanah Technologies Corporation,Common Stock,CAD,
CMMC,Copper Mountain Mining Corp,Common Stock,CAD,CA21750U1012
CMT,Compton Petroleum Corporation (CMT.TO,Common Stock,CAD,
CMUE,CIBC Multifactor U.S. Equity ETF,ETF,CAD,CA17165P1099
CMUE-F,CIBC Multifactor U.S. Equity ETF,ETF,CAD,
CMVX,CI Galaxy Metaverse Index ETF CAD,ETF,CAD,CA17165D1069
CMW,CMW,ETF,CAD,
CNE,Canacol Energy Ltd.,Common Stock,CAD,CA1348082035
CNL_old,Continental Gold Ltd,Common Stock,CAD,CA21146A1084
CNU,CNOOC Limited,Common Stock,CAD,US1261321095
COA,Coastal Contacts Inc (COA.TO,Common Stock,CAD,
COG,Condor Gold Plc,Common Stock,CAD,GB00B8225591
COM,Cardiome Pharma Corp,Common Stock,CAD,
CONA,Cona Resources Ltd,Common Stock,CAD,
COP,Marimaca Copper Corp,Common Stock,CAD,CA2196361075
CORP,Exemplar Investment Grade Fund ETF units,ETF,CAD,CA30170G1054
CORV,Correvio Pharma Corp,Common Stock,CAD,CA22026V1058
COW-A,iShares Global Agriculture Index ETF,ETF,CAD,
CPD-A,ISHARES SP TSX CDN PREF IDX ETF,ETF,CAD,
CPG,Crescent Point Energy Corp.,Common Stock,CAD,CA22576C1014
CPI,Condor Petroleum Inc,Common Stock,CAD,CA20676X3067
CPLF,Copperleaf Technologies Inc,Common Stock,CAD,CA21766N1096
CPX-PG,Capital Power Corporation,Common Stock,CAD,
CPX-PI,Capital Power Corp Pref,Common Stock,CAD,CA14042M8622
CPX-PK,Capital Power Corp,Common Stock,CAD,CA14042M8473
CQE,Cequence Energy Ltd,Common Stock,CAD,
CR,Crew Energy Inc,Common Stock,CAD,CA2265331074
CRH,CRH Medical Corporation,Common Stock,CAD,CA12626F1053
CRK,Crocodile Gold Corp,Common Stock,CAD,
CRP,Ceres Global Ag Corp,Common Stock,CAD,CA1567701091
CRQ,iShares Canadian Fundamental Comm,ETF,CAD,
CRQ-A,ISHARES CAD FUNDAMENTAL INDEX E,ETF,CAD,
CRR-DBE,CROMBIE REIT 5.25 PCT DEBS SER,FUND,CAD,
CRYP,Purpose Crypto Opportunities ETF - ETF Units,ETF,CAD,CA74643R1082
CSA,Commercial Solutions Inc (CSA.TO,Common Stock,CAD,
CSD,iShares Short Duration High Income ETF (CAD-Hedged) Common Class,ETF,CAD,CA46430G4043
CSD-A,ISHARES ADV SHRT DUR HI INC AC,ETF,CAD,
CSI,Colossus Minerals Inc (CSI.TO,Common Stock,CAD,
CSM,ClearStream Energy Services Inc,Common Stock,CAD,CA18506V1022
CSU-DB,CONSTELLATION SOFTWARE INC DEBS,FUND,CAD,
CSX,Clean Seed Capital Group Ltd,Common Stock,CAD,
CSY,CI Core Canadian Equity Income Class ETF,ETF,CAD,CA17163X2032
CTS,Converge Technology Solutions Corp,Common Stock,CAD,CA21250C1068
CTU,CTU,Common Stock,CAD,
CTX,Crescita Therapeutics Inc,Common Stock,CAD,CA2258471028
CU-PI,Canadian Utilities Ltd Pref I,Preferred Stock,CAD,CA1367176262
CU-X,Canadian Utilities Limited,Common Stock,CAD,CA1367171057
CUB,CubicFarm Systems Corp,Common Stock,CAD,CA22968P1080
CUF-UN,Cominar Real Estate Investment Trust,Common Stock,CAD,CA1999101001
CVE-PA,Cenovus Energy Inc Preferred Series 1,Preferred Stock,CAD,CA15135U3073
CVE-PB,Cenovus Energy Inc Preferred Series 2,Preferred Stock,CAD,CA15135U4063
CVE-PC,Cenovus Energy Inc Preferred Series 3,Preferred Stock,CAD,CA15135U5052
CVE-PE,Cenovus Energy Inc Preferred Series 5,Preferred Stock,CAD,CA15135U7033
CVE-PG,Cenovus Energy Inc Preferred Series 7,Preferred Stock,CAD,CA15135U8858
CVE-WT,Cenovus Energy Inc,Common Stock,CAD,
CVI-A,Calvalley Petroleum Inc,Common Stock,CAD,
CVZ,Calvista Gold Corporation (CVZ.TO,Common Stock,CAD,
CWA,Coast Wholesale Appliances Inc,Common Stock,CAD,
CWB,Canadian Western Bank,Common Stock,CAD,CA13677F1018
CWB-PB,Canadian Western Bank Pref B,Preferred Stock,CAD,CA1367655000
CWB-PC,Canadian Western Bank,Common Stock,CAD,
CWB-PD,Canadian Western Bank,Preferred Stock,CAD,CA1367658806
CWEB-WR,CWEB-WR,Common Stock,CAD,
CWF,Canadian World Fund Limited,FUND,CAD,
CWI,Crosswinds Holdings Inc,Common Stock,CAD,
CWO,iShares Emerging Mkts Fundamental Comm,ETF,CAD,
CWX,CanWel Building Materials Group Ltd,Common Stock,CAD,CA25703L1004
CXB,Calibre Mining Corp,Common Stock,CAD,CA13000C2058
CXN,Chalice Gold Mines Limited,Common Stock,CAD,
CXR,Concordia International Corp,Common Stock,CAD,
CZN,Canadian Zinc Corporation,Common Stock,CAD,
DA-DBA,DISCOVERY AIR INC 8.375 PCT DEB,FUND,CAD,
DAY,Dayforce Inc.,Common Stock,CAD,
DC-PB,Dundee Corp Pref B,Preferred Stock,CAD,CA2649017035
DC-PD,Dundee Corp Pref D,Preferred Stock,CAD,CA2649018025
DCF,Difference Capital Financial Inc,Common Stock,CAD,
DCI,DirectCash Payments Inc,Common Stock,CAD,
DDC,Dominion Diamond Corp,Common Stock,CAD,CA2572871028
DEE,Delphi Energy Corp,Common Stock,CAD,
DEN,Dundee Energy Limited (DEN.TO,Common Stock,CAD,
DFC,Desjardins Canada Multifactor - Controlled Volatility ETF,ETF,CAD,CA25058N1078
DFD,Desjardins Developed ex USA ex Canada Multifactor - Controlled Volatility E,ETF,CAD,CA25058W1077
DFE,Desjardins Emerging Markets Multifactor-Controlled Volatility ETF,ETF,CAD,CA25058V1094
DFU,Desjardins USA Multifactor - Controlled Volatility ETF,ETF,CAD,CA25058Q1000
DGC,Detour Gold Corporation,Common Stock,CAD,CA2506691088
DGR,WisdomTree U.S. Quality Dividend Growth,ETF,CAD,CA97718P1119
DHX,WildBrain Ltd,Common Stock,CAD,
DHX-A,WildBrain Ltd,Common Stock,CAD,CA2524066081
DHX-B,WildBrain Ltd,Common Stock,GBP,CA2524067071
DII-DBU,DOREL INDUSTRIES INC 5.50 PCT D,FUND,USD,
DIR-R,Dream Industrial Real Estate Investment Trust,Common Stock,CAD,
DIVY,Global X Active U.S. Dividend ETF,ETF,CAD,
DN,Delta 9 Cannabis Inc,Common Stock,CAD,CA2477541049
DNA,Dalradian Resources Inc,Common Stock,CAD,CA2354991002
DNK,Dynetek Ind J,Common Stock,CAD,
DNT,Candente Copper Corp,Common Stock,CAD,CA13739Y3041
DNTL,dentalcorp Holdings Ltd,Common Stock,CAD,CA24874B1085
DQD,CI WisdomTree U.S. Quality Dividend Growth Variably Hedged Index ETF,ETF,CAD,CA17166Q1063
DQI,CI WisdomTree International Quality Dividend Growth Variably Hedged Index ETF,ETF,CAD,CA17166R1047
DRDR,MCI Onehealth Technologies Inc,Common Stock,CAD,CA58118M1086
DRG-UN,Dream Global Real Estate Investment Trust,Common Stock,CAD,CA26154A1066
DRM-PA,Dream Unlimited Corp,Preferred Stock,CAD,
DRR-U,Dream Residential Real Estate Investment Trust,Common Stock,USD,
DSAE,Desjardins Sustainable American Equity ETF Fund,ETF,CAD,CA25062Y1079
DSL-UN,DoubleLine Income Solutions Trust,Common Stock,CAD,
DW,Datawind Inc,Common Stock,CAD,
DXET,Dynamic Active Energy Evolution ETF,ETF,CAD,CA26785P1009
DXI,DXI Energy Inc,Common Stock,CAD,
DXM,CI First Asset Morningstar Canada Dividend Target 30 Index ETF Common,ETF,CAD,CA1255011068
ECA,Ovintiv Inc,Common Stock,CAD,
ECI,Enercare Inc,Common Stock,CAD,CA29269C2076
ECN,ECN Capital Corp,Common Stock,CAD,CA26829L1076
ECN-PA,ECN CAPITAL CORP PREF SERIES A,Preferred Stock,CAD,
ECN-PC,ECN Capital Corp,Preferred Stock,CAD,CA26829L6026
ECN-PR-C,ECN Capital Corp. 6.25% Cumulative 5-Year Minimum Rate Reset Preferred Shares Series C,Preferred Stock,CAD,
ECS,eCobalt Solutions Inc,Common Stock,CAD,
EFH,EFH Holdings Inc,Common Stock,CAD,CA27876N1033
EFL,Electrovaya Inc.,Common Stock,CAD,CA28617B1013
EFN-PA,Element Fleet Management Corp Pref A,Common Stock,CAD,CA2861818706
EFN-PC,Element Fleet Management Corp Pref C,Common Stock,CAD,CA2861818391
EFN-PE,Element Fleet Management Corp Pref E,Preferred Stock,CAD,CA2861818136
EFN-PG,EFN-PG,Common Stock,CAD,
EFN-PI,Element Fleet Management Corp,Common Stock,CAD,CA2861816643
EGD,Energold Drilling Corp,Common Stock,GBP,
EGL,Eagle Energy Inc,Common Stock,CAD,
EGT,Eguana Technologies Inc,Common Stock,CAD,
EHE-B,WisdomTree Europe Hedged Equity Index ETF,ETF,CAD,CA17166N2023
EIF-DBG,EXCHANGE INCOME CORP 6.0 PCT DE,FUND,CAD,
EINC,E Automotive Inc,Common Stock,CAD,
EKO,Noveko International Inc,Common Stock,CAD,
ELM,Elemental Minerals Limited (ELM.TO,Common Stock,CAD,
ELV,PowerShares S&P Emerging Markets Low Volatility,ETF,CAD,CA46141U1066
EMA-PB,Emera Inc Pref B,Preferred Stock,CAD,CA2908764087
EML-PA,The Empire Life Insurance Company,Common Stock,CAD,
ENB-PC,Enbridge Inc Series C,Preferred Stock,CAD,CA29250N8089
ENB-PFI,Enbridge Inc,Common Stock,CAD,
ENB-PU,Enbridge Inc Pref J,Preferred Stock,USD,CA29250N8246
ENF,Enbridge Income Fund Holdings Inc,FUND,CAD,CA29251R1055
ENT,ENTREC Corporation,Common Stock,CAD,
ENT-DB,ENTREC CORPORATION 7 PCT DEBS,FUND,CAD,
EOM,Eco Oro Minerals Corp,Common Stock,CAD,
EOX,Euromax Resources Ltd,Common Stock,CAD,CA29873T3073
EPI,EPI,Common Stock,CAD,
EPS,Epsilon Energy Ltd,Common Stock,CAD,
EQB-PC,EQB Inc Preferred Series 3,Preferred Stock,CAD,CA26886R2037
EQI,Equity Financial Holdings Inc,Common Stock,CAD,
EQU,Equal Energy Ltd,Common Stock,CAD,
ER,Eastmain Resources Inc,Common Stock,CAD,CA27743M1068
ERE-UN,European Residential Real Estate Investment Trust,Common Stock,CAD,CA29880W1032
ERF,Enerplus Corporation,Common Stock,CAD,CA2927661025
ERM,Eclipse Residential Mortgage Investment Corporation,Common Stock,CAD,
ESGH,BMO ESG High Yield US Corporate Bond Index ETF,ETF,CAD,CA05601M2022
ESGH-F,BMO ESG HY US Corp Bd ETF (Hedged Units),ETF,CAD,
ESN,Essential Energy Services Ltd.,Common Stock,CAD,CA29669R1010
ESP_old,Espial Group Inc,Common Stock,CAD,
ETAC,Equium Global Tactical Allocation Fund ETF,ETF,CAD,
ETHH-J,Purpose Ether ETF,ETF,CAD,
ETP-A,First Trust Global Risk Managed Income Index ETF,ETF,CAD,
ETX,Etrion Corporation,Common Stock,CAD,CA29786T1057
EUR,First Trust AlphaDEX European Dividend Common,ETF,CAD,CA33732H2072
EUR-A,FIRST TRUST ALPHADEX EURO DIV I,ETF,CAD,
EXF,EXFO Inc,Common Stock,CAD,CA3020461073
EXGB,Excel Global Balanced Asset Allocation ETF,ETF,CAD,
EXGG,Excel Global Growth Asset Allocation ETF,ETF,CAD,
EXM,EXM,ETF,CAD,
EXN,Excellon Resources Inc.,Common Stock,CAD,CA30069C8016
EXRO,Exro Technologies Inc,Common Stock,CAD,CA30222R1091
FAF,Fire & Flower Holdings Corp,Common Stock,CAD,CA3181083054
FAH-U,Helios Fairfax Partners Corporation,Common Stock,USD,
FAI,CI Active Utility & Infrastructure ETF,ETF,CAD,CA12554G1090
FANS,FansUnite Entertainment Inc.,Common Stock,CAD,
FAO,CI Active Credit ETF,ETF,CAD,CA12554P1099
FAO-U,CI Active Credit ETF,ETF,USD,
FBE,CI First Asset Canadian Buyback Index ETF,ETF,CAD,CA17161Q1019
FBU,CI First Asset U.S. Buyback Index ETF,ETF,CAD,CA12556E1025
FC-DBB,FIRM CAPITAL MTG INV CORP 5.40,FUND,CAD,
FC-DBD,FIRM CAPITAL MORTGAGE INV 4.75,FUND,CAD,
FCEM,Fidelity Emerging Markets Fund,FUND,CAD,
FCGB,Fidelity Global Core Plus Bond ETF,ETF,CAD,CA31623G1063
FCGI,Fidelity Global Monthly High Income ETF,ETF,CAD,CA31623K1075
FCHH,Fidelity Systematic U.S. High Yield Bond Currency Neutral ETF,ETF,CAD,CA31615M1032
FCHY,Fidelity Systematic U.S. High Yield Bond ETF,ETF,CAD,CA31615L1058
FCMI,Fidelity Canadian Monthly High Income ETF,ETF,CAD,CA31609T1066
FCMO,Fidelity U.S. Momentum Index ETF,ETF,CAD,CA31649P1062
FCR,First Capital Realty Inc,Common Stock,CAD,
FCR-DBJ,FIRST CAPITAL REALTY INC 4.45 P,FUND,CAD,
FCRH,Fidelity U.S. Dividend for Rising Rates Currency Neutral Index ETF,ETF,CAD,CA31644P1018
FCSI,Franklin ClearBridge Sustainable International Growth Fund ETF,ETF,CAD,CA35253P1045
FCU,Fission Uranium Corp,Common Stock,CAD,CA33812R1091
FCUL,Fidelity U.S. Low Volatility Index ETF,ETF,CAD,CA31647B1094
FCW,First Asset Cmbrdg Glbl Div ETF CAD H,ETF,CAD,
FCY,First Asset Cambridge Core US Eq ETF Hdg,ETF,CAD,
FCY-B,First Asset Cambridge Core U.S. Equity ETF,ETF,CAD,
FDE,First Trust AlphaDEX Emerging Market Dividend CAD Hedged Common,ETF,CAD,CA33737G1054
FDE-A,First Trust AlphaDEX Emerging Market Dividend ETF (CAD-Hedged),ETF,CAD,
FDGE,Farmers Edge Inc,Common Stock,CAD,CA30957Q1028
FDV,CI Active Canadian Dividend ETF,ETF,CAD,CA12554Q1072
FEME,Forstrong Emerging Markets Equity ETF,ETF,CAD,
FFH-PC,Fairfax Fin Hld Cum 5 Yr C Prf,Preferred Stock,CAD,CA3039015084
FFH-PD,Fairfax Financial Holdings Ltd Pref D,Preferred Stock,CAD,CA3039016074
FFH-PE,Fairfax Financial Holdings Ltd Pref E,Preferred Stock,CAD,CA3039018880
FFH-PF,Fairfax Financial Holdings Ltd Pref F,Preferred Stock,CAD,CA3039018708
FFH-PG,Fairfax Fin Hld Cum 5 Yr Rt G Prf,Preferred Stock,CAD,CA3039018625
FFH-PH,Fairfax Financial Holdings Ltd Pref H,Preferred Stock,CAD,CA3039018542
FFH-PI,Fairfax Financial Holdings Ltd Pref I,Preferred Stock,CAD,CA3039018476
FFH-PJ,Fairfax Financial Holdings Ltd Pref J,Preferred Stock,CAD,CA3039018393
FFH-PM,Fairfax Financial Holdings Ltd Pref M,Preferred Stock,CAD,CA3039017973
FFH-U,FFH-U,Common Stock,USD,
FFI-UN,Flaherty & Crumrine Investment Grade Preferred Income Fund,ETF,CAD,
FGAA-U,FG Acquisition Corp.,Common Stock,USD,
FGAA-V,FG Acquisition Corp.,Common Stock,USD,
FGB,CI Short Term Government Bond Index Class ETF,ETF,CAD,CA17163X1042
FGBL,Forstrong Global Balanced ETF,ETF,CAD,
FGE,Fortress Global Enterprises Inc,Common Stock,CAD,
FGGE,Franklin Global Growth Fund Series ETF,ETF,CAD,CA3535471021
FGSG,Franklin Martin Currie Sustainable Global Equity Active ETF,ETF,CAD,CA35384L1058
FGX,Faircourt Gold Income Corp,Common Stock,CAD,
FHB,CI CI First Asset European Bank ETF Common,ETF,CAD,CA12556G1072
FHC,First Trust Dow Jones Internet ETF,ETF,CAD,CA33739W1086
FHD,First Trust NASDAQ Cybersecurity ETF,ETF,CAD,CA33739V1004
FHE,First Trust Indxx NextG ETF,ETF,CAD,CA33732G1000
FHF,First Trust Nasdaq Clean Edge Green Energy ETF,ETF,CAD,CA33732J1049
FHG-F,FT AlphaDEX U.S. Industrials Sector Index ETF Hedged,ETF,CAD,
FHM,First Trust NYSE Arca Biotechnology ETF,ETF,CAD,CA33732P1009
FHU,First Trust AlphaDEX U.S. Utilities Sector Index ETF,ETF,CAD,CA33732M1077
FHY,FT Short Duration High Yield Bd Comm,ETF,CAD,
FI,Fiserv CDR (CAD Hedged),Common Stock,CAD,
FIE-A,iShares Canadian Financial Monthly Income ETF,ETF,CAD,
FIG-U,CI Investment Grade Bond ETF,ETF,USD,CA12556J2002
FIL,Filo Mining Corp,Common Stock,CAD,CA31730E1016
FINE,Forstrong Global Ex-North America Equity ETF,ETF,CAD,
FIRE,The Supreme Cannabis Company Inc,Common Stock,CAD,CA86860J1066
FIVE,Evolve S&P 500 CleanBeta Fund,ETF,CAD,
FLAM,Franklin FTSE U.S. Index ETF,ETF,CAD,CA3535101008
FLB,CI First Asset Long Duration Fixed Income ETF,ETF,CAD,CA17162G1028
FLBA,Franklin Liberty Core Balanced ETF,ETF,CAD,CA35376K1075
FLCD,Franklin FTSE Canada All Cap Index ETF,ETF,CAD,CA35351E1007
FLDM,Franklin LibertyQT International Equity Index ETF,ETF,CAD,CA3537711085
FLEM,Franklin LibertyQT Emerging Markets Index ETF,ETF,CAD,CA35376C1059
FLGD,Franklin Global Dividend Quality Index ETF,ETF,CAD,CA35376A1093
FLJA,Franklin FTSE Japan Index ETF,ETF,CAD,CA35351A1084
FLOT,Purpose Floating Rate Income Fund,ETF,CAD,CA74642Q1019
FLOT-B,Purpose Floating Rate Income Fund - ETF Non-currency hedged CAD,ETF,CAD,
FLOT-U,Purpose Floating Rate Income Fund,ETF,USD,CA74642Q2009
FLOW,Flow Beverage Corp,Common Stock,CAD,CA34344J1021
FLRM,Franklin Liberty Risk Managed Canadian Equity ETF,ETF,CAD,CA3537691022
FLSL,Franklin Liberty Senior Loan ETF (CAD-Hedged),ETF,CAD,CA35376R1029
FLUI,Franklin Liberty U.S. Investment Grade Corporate ETF (CAD-Hedged),ETF,CAD,CA3537701003
FLUR,Franklin FTSE Europe ex U.K. Index ETF,ETF,CAD,CA35351C1041
FMC,Buffalo Coal Corp,Common Stock,CAD,
FN,First National Financial Corp,Common Stock,CAD,CA33564P1036
FN-PA,First National Financial Corp Pref A,Preferred Stock,CAD,CA33564P2026
FN-PB,First National Financial Corp Pref B,Preferred Stock,CAD,CA33564P3016
FOM,Foran Mining Corporation,Common Stock,CAD,
FORZ,Forza Petroleum Ltd,Common Stock,CAD,CA34987V1076
FOUR,Global X Industry 4.0 Index ETF,ETF,CAD,CA44054V1040
FQC,CI MSCI Canada Quality Index Class ETF,ETF,CAD,CA17163X3022
FR,First Majestic Silver Corp,Common Stock,CAD,CA32076V1031
FRB,Forbes Energy Services Ltd (FRB.TO,Common Stock,CAD,
FRII,Freshii Inc,Common Stock,CAD,CA35805P1071
FRL-UN,Crescent Senior Secured Floating Rate Loan Fund LLC,Common Stock,CAD,
FRU-R,FRU-R,Common Stock,CAD,
FSD,First Trust Short Duration High Yield Bond ETF (CADHedged) Common,ETF,CAD,
FSEM,Franklin Martin Currie Sustainable Emerging Markets Active ETF,ETF,CAD,CA35384E1016
FSL-A,First Trust Senior Loan ETF (CAD-Hedged),ETF,CAD,
FSR,First Trust Morningstar Dividend Leaders ETF (CAD-Hedged),ETF,CAD,CA33740G1000
FST-A,First Trust Canadian Capital Strength ETF,ETF,CAD,
FTB,First Trust Tactical Bond Index ETF,ETF,CAD,CA33739D1006
FTP,Fortress Paper Ltd,Common Stock,CAD,
FTP-DBA,FORTRESS PAPER LTD 7 PCT DEBS,FUND,CAD,
FTRP,Field Trip Health Ltd,Common Stock,CAD,CA31656R1029
FTS-PR-M,Fortis Inc. Cumulative Redeemable Fixed Rate Reset First Preference Shares Series,Preferred Stock,CAD,
FUD-A,First Trust Value Line Dividend Index ETF (CAD-Hedged),ETF,CAD,
FUM,First Asset U.S. Equity Multi-Factor Index ETF,ETF,CAD,
FUT,CI First Asset U.S. Tactical Sector Allocation Index ETF,ETF,CAD,CA17163M1086
FWCP,Franklin Western Asset Core Plus Bond Fund ETF,ETF,CAD,CA35519L1031
FXC,Fax Capital Corp,Common Stock,CAD,CA31210A3064
FXF,FXF,ETF,CAD,
G,Augusta Gold Corp,Common Stock,CAD,
G_old,Goldcorp Inc,Common Stock,CAD,CA3809564097
GAS,Canadian Natural Gas ETF,ETF,CAD,
GATO,Gatos Silver Inc,Common Stock,CAD,US3680361090
GBAR,Monarch Mining Corp,Common Stock,CAD,CA6091611047
GBF,Globalance Dividend Growers,Common Stock,CAD,
GBU,Gabriel Resources Ltd,Common Stock,CAD,
GC,Great Canadian Gaming Corporation,Common Stock,CAD,CA3899141020
GCG,Guardian Capital Group Limited,Common Stock,CAD,CA4013392051
GCG-A,Guardian Capital Group Ltd. Cl.A Nv (GCG-A.TO,Common Stock,CAD,CA4013393042
GCL,Colabor Group Inc.,Common Stock,CAD,CA1926671035
GCL-DBA,COLABOR GROUP INC 5.70 CONV DEB,FUND,CAD,
GCM,GCM Mining Corp,Common Stock,CAD,CA36168L1058
GCT,GVIC Communications Corp,Common Stock,CAD,CA4036411037
GCT-C,GVIC Communications Corp,Common Stock,CAD,
GDEP,Guardian Directed Equity Path Portfolio Hedge ETF Units,ETF,CAD,CA40090B1022
GDG-UN,Global Dividend Growers Income Fund,ETF,CAD,
GDI,GDI Integrated,Common Stock,CAD,CA3615692058
GDPY,Guardian Directed Premium Yield Portfolio Hedge ETF Units,ETF,CAD,CA40138D1024
GDS,Gendis Inc,Common Stock,CAD,
GEC-UN,Global Real Estate & E-Commerce Dividend Fund,ETF,CAD,
GEN,StageZero Life Sciences Ltd,Common Stock,CAD,
GGA,Goldgroup Mining Inc.,Common Stock,CAD,CA38141A1075
GGAC,Guardian Fundamental All Country Equity ETF,ETF,CAD,CA40136X1006
GGEM,Guardian Fundamental Emerging Markets Equity ETF,ETF,CAD,CA40090D1087
GGM,Granada Gold Mine Inc,Common Stock,CAD,
GGNDF,GN Store Nord A/S,Common Stock,CAD,
GH,Gamehost Inc.,Common Stock,CAD,CA36468B1040
GIGR,Guardian i3 Global REIT ETF Hedged,ETF,CAD,CA40139R1001
GIGR-B,Guardian i3 Global REIT ETF,ETF,CAD,CA40139R2090
GIQU,Guardian i3 US Quality Growth ETF Hedged,ETF,CAD,CA40090C1005
GIQU-B,Guardian i3 US Quality Growth ETF,ETF,CAD,CA40090C2094
GIVX,Givex Information Technology Group Ltd,Common Stock,CAD,CA37636Y1097
GLG,GLG Life Tech Corporation,Common Stock,CAD,CA3617932015
GLN,Glentel Inc,Common Stock,CAD,
GLXY,Galaxy Digital Holdings Ltd,Common Stock,CAD,KYG370921069
GMNG,Gamelancer Media Corp.,Common Stock,CAD,
GMO,General Moly Inc,Common Stock,CAD,US3703731022
GMP,GMP Capital Inc,Common Stock,CAD,CA74971G1046
GMP-PB,RF Capital Group Inc,Preferred Stock,CAD,
GMTN,Gold Mountain Mining Corp,Common Stock,CAD,CA38065L1058
GOGO,U.S. Global GO GOLD and Precious Metal Miners ETF,ETF,CAD,CA90291E1088
GOGR,Osisko Green Acquisition Ltd,Common Stock,CAD,CA68828K1021
GOGR-UN,Osisko Green Acquisition Limited,Common Stock,CAD,
GPC,Aston Hill Sr Gold Producers IncCorp (GPC.TO,Common Stock,CAD,
GPMD,GuardPath Managed Decumulation 2042 Fund ETF Units,ETF,CAD,CA40146G1054
GPR,Great Panther Mining Ltd,Common Stock,CAD,CA39115V1013
GPS,BSM Technologies Inc,Common Stock,CAD,
GQM,Golden Queen Mining Consolidated Ltd,Common Stock,CAD,
GRL,Global Real Estate Dividend Growers Corp,Common Stock,CAD,
GRNI,BMO Brookfield Global Renewables Infrastructure Fund ETF,ETF,CAD,CA05592H1055
GRT,Granite Real Estate Inc,Common Stock,CAD,
GS,Gluskin Sheff + Associates Inc,Common Stock,CAD,
GSC,Golden Star Resources Ltd,Common Stock,CAD,CA38119T8077
GSV,Gold Standard Ventures Corp,Common Stock,CAD,CA3807381049
GTMS,Greenbrook TMS Inc,Common Stock,CAD,CA3937043097
GTWO,G2 Goldfields Inc.,Common Stock,CAD,CA36256R1055
GTX,Gran Tierra Exchangeco Inc,Common Stock,CAD,
GUY,Guyana Goldfields Inc,Common Stock,CAD,CA4035301080
GW,Garda World Security Corp (GW.TO,Common Stock,CAD,
GWO-PF,GWO-PF,Common Stock,CAD,
GWR,Global Water Resources Inc,Common Stock,CAD,US3794631024
GXE,Gear Energy,Common Stock,CAD,CA36830P1045
GXF,GXF,ETF,CAD,
GXO,Granite Oil Corp,Common Stock,CAD,
GZT,Gazit-Globe Ltd,Common Stock,CAD,IL0001260111
HAA,Horizons Balanced ETF (HAA.TO,ETF,CAD,
HADM,Horizons Active Intl Dev Mkts Eq ETF,ETF,CAD,
HAEB,Global X Active ESG Corporate Bond ETF,ETF,CAD,CA44056D1024
HAJ,Horizons Active Emerging Markets Dividend ETF Common,ETF,CAD,CA44051M2067
HAJ-A,HAJ-A,Common Stock,CAD,
HAP,Horizons Incme Plus ETF (HAP.TO,ETF,CAD,
HARB,Global X Tactical Absolute Return Bond ETF Total Return Series Shares,ETF,CAD,CA44056M1023
HARB-J,Global X Tactical Absolute Return Bond ETF Dividend Series Shares,ETF,CAD,CA44056M2013
HARC,Global X Absolute Return Global Currency ETF,ETF,CAD,CA44053H1064
HAU,Horizons Active US Dividend ETF E,ETF,CAD,CA44052M2058
HAU-U,Horizons Active US Dividend ETF E,ETF,USD,
HAW,Horizons North American Growth ETF (HAW.TO,ETF,CAD,
HAX,HAX,ETF,CAD,
HAZ-A,HORIZONS ACTIVE GLOBAL DIVIDEND,ETF,CAD,
HBC,Hudson's Bay Company,Common Stock,CAD,CA4442181018
HBD,BetaPro Gold Bullion 2x Daily Bear,ETF,CAD,CA08663T1075
HBFE,Harvest Brand Leaders Enhanced Income ETF - Class A Units,ETF,CAD,CA41753M1041
HBG,Hamilton Global Bank ETF,ETF,CAD,CA40737W1059
HBG-U,Hamilton Global Bank ETF,ETF,USD,
HBIT,BetaPro Bitcoin ETF CAD,ETF,CAD,CA0866081064
HBKD,BetaPro Equal Weight Canadian Bank 2x Daily Bear ETF,ETF,CAD,CA08664V1013
HBKU,BetaPro Equal Weight Canadian Bank 2x Daily Bull ETF,ETF,CAD,CA08664A1075
HBL-UN,Brand Leaders Income Fund,ETF,CAD,
HBM-WT,HUDBAY MINERALS INC WTS,FUND,CAD,
HBU,BetaPro Gold Bullion 2x Daily Bull ETF,ETF,CAD,CA08660T1003
HBUG,Global X GX Cybersecurity Index ETF,ETF,CAD,CA4404991016
HCB,Hamilton Canadian Bank Variable-Weight ETF,ETF,CAD,CA40703T1021
HCBB,Harvest Banks & Buildings Income ETF,ETF,CAD,CA41751R1055
HCG,Home Capital Group Inc.,Common Stock,CAD,CA4369131079
HCN,Horizons China High Dividend Yield Index ETF,ETF,CAD,CA44052U1084
HDI,Hardwoods Distribution Inc,Common Stock,CAD,CA4124221074
HDOC,Global X GX Telemedicine and Digital Health Index ETF,ETF,CAD,CA4405091071
HDU,Horizons Betapro US Dollar Bull Plus ETF (HDU.TO,ETF,CAD,
HE,Hanwei Energy Services Corp.,Common Stock,CAD,CA4113551002
HEA,Global X Enhanced Income US Equity (USD) ETF Common,ETF,CAD,CA44049W1005
HEAL,Purpose Healthcare Innovation Yield Fund,ETF,CAD,CA74643M1095
HED,BetaPro S&P/TSX Capped Energy -2x Daily Bear ETF,ETF,CAD,CA08661A1003
HEE,Global X Enhanced Income Energy Common Class,ETF,CAD,CA44049X3067
HEF,Global X Enhanced Income Financials Common Class,ETF,CAD,CA44050A1049
HEJ,Global X Enhanced Income International Equity Common Class,ETF,CAD,CA44049N1006
HEMB,Global X Active Emerging Markets Bond ETF,ETF,CAD,CA44054T1093
HEMC,Global X Emerging Markets Leaders ETF,ETF,CAD,CA44056N1006
HEO,H2O Innovation Inc,Common Stock,CAD,CA4433003064
HEP,Global X Enhanced Income Gold Producers Common Class,ETF,CAD,CA44049Q2027
HEQ,Homeq Corporation (HEQ.TO,Common Stock,CAD,
HER,Heron Resources Limited,Common Stock,CAD,
HERS,Evolve North American Gender Diversity Index Fund - Hedged Units,ETF,CAD,CA30052M1059
HERS-B,Evolve North American Gender Diversity Index Fund - UnHedged Units,ETF,CAD,
HESG,Harvest ESG Equity Income Index ETF - Class A Units,ETF,CAD,CA41753Q1054
HEU,BetaPro S&P TSX Capped Energy 2x Daily Bull,ETF,CAD,CA08660Y1097
HEUR,Harvest European Leaders Income ETF Cl A,ETF,CAD,
HEW,Horizons S&P/TSX 60 Equal Weight Index ETF,ETF,CAD,CA44050G1019
HEX,Global X Enhanced Income Equity Common Class,ETF,CAD,CA44049V1022
HEXO,Hexo Corp,Common Stock,CAD,CA4283043079
HFA,Hamilton Australian Financials Yield ETF,ETF,CAD,CA40700P1036
HFD,BetaPro S&P TSX Capped Financials 2x Daily Bear,ETF,CAD,CA08660X1015
HFMU,Hamilton U.S. Mid-Cap Financials ETF,ETF,CAD,CA4078561038
HFMU-U,Hamilton Capital U.S. Mid-Cap Financials ETF (USD),ETF,CAD,
HFP,Global X Active Hybrid Bond and Preferred Share ETF Common,ETF,CAD,CA44052A2011
HFT,Hamilton Financials Innovation ETF,ETF,CAD,CA40736R1073
HFU,BetaPro S&P/TSX Capped Financials 2x Daily Bull ETF,ETF,CAD,CA08660V1058
HFY,Hamilton Global Financials Yield ETF,ETF,CAD,CA40738L1085
HFY-U,Hamilton Global Financials Yield ETF,ETF,USD,
HGC,Horizons Global Currency Opps ETF,ETF,CAD,
HGD,BetaPro Canadian Gold Miners -2x Daily Bear ETF,ETF,CAD,CA08661P1071
HGGB,Global X S&P Green Bond Index ETF,ETF,CAD,CA44056H1038
HGM,Horizons Managed Global Opportunities ETF E,ETF,CAD,CA44052V1067
HGRO,Global X Growth TRI ETF Portfolio,ETF,CAD,CA44055L1058
HGU,BetaPro Canadian Gold Miners 2x Daily Bull,ETF,CAD,CA08661V1040
HHF,Global X Morningstar Hedge Fund Index ETF,ETF,CAD,CA44050W1068
HHRS,Hammerhead Energy Inc.,Common Stock,CAD,
HID,WisdomTree U.S. High Dividend Index ETF,ETF,CAD,CA97718Q2009
HID-B,WisdomTree U.S. High Dividend Index ETF Non-Hedged,ETF,CAD,
HIE,Horizons BetaPro S&P;/TSX Cap Engy Invrs,ETF,CAD,
HIF,Horizons Betapro S&P/Tsx Fin Inverse ETF (HIF.TO,ETF,CAD,
HII,Horizons Cdn Insider Index ETF,ETF,CAD,CA44052N1042
HIN,Horizons Bp Nymex Nat Gas Inverse ETF (HIN.TO,ETF,CAD,
HIO,Horizons Betapro Nymex Crude Inverse ETF (HIO.TO,ETF,CAD,
HIU,BetaPro S&P 500® Daily Inverse ETF,ETF,CAD,CA08660P1080
HIX,BetaPro S&P/TSX 60 Daily Inverse ETF,ETF,CAD,CA08663E1007
HJD,HorizonsBetaPro MSCI EmergMkts Bear+ ETF,ETF,CAD,
HJU,HorizonsBetaPro MSCI EmergMkts Bull+ ETF,ETF,CAD,
HKD,Horizons Bp Comex Copper Bear Plus ETF (HKD.TO,ETF,CAD,
HKU,Horizons Bp Comex Copper Bull Plus ETF (HKU.TO,ETF,CAD,
HLC,Holloway Lodging Corporation,Common Stock,CAD,
HLC-DB,HOLLOWAY LODGING CORP 6.25 PCT,FUND,CAD,
HLC-DBA,HOLLOWAY LODGING CORP 7.50 PCT,FUND,CAD,
HLFE,Harvest Canadian Equity Enhanced Income Leaders ETF - Class A Units,ETF,CAD,CA41756C1032
HMD,HMD,ETF,CAD,
HMF,Horizons Auspice Managed Fut ETF Comm,ETF,CAD,
HMJI,BetaPro Marijuana Companies Inverse ETF,ETF,CAD,CA08664J1084
HMJU,BetaPro Marijuana Companies 2x Daily Bull ETF,ETF,CAD,CA08663R1010
HMU,HMU,ETF,CAD,
HNL,Dexterra Group Inc,Common Stock,CAD,CA2523711091
HNO,Hbp Long Nat Gas Short Crude Sp (HNO.TO,Common Stock,CAD,
HNY,Horizons Natural Gas Yield ETF Common,ETF,CAD,CA44050R3053
HOG,Global X Pipelines & Energy Services Index ETF,ETF,CAD,CA44056E1007
HON,Hbp Long Crude Short Nat Gas Sp (HON.TO,Common Stock,CAD,
HOY,Horizons Crude Oil Yield ETF (HOY.TO,ETF,CAD,
HPD,HPD,ETF,CAD,
HPU,HPU,ETF,CAD,
HQD,BetaPro NASDAQ-100® -2x Daily Bear ETF,ETF,CAD,CA08662N1015
HQU,BetaPro NASDAQ-100® 2x Daily Bull ETF,ETF,CAD,CA08662F1080
HRA,Horizons Global Risk Parity ETF,ETF,CAD,CA44053K1093
HRAA,Global X ReSolve Adaptive Asset Allocation Corporate Class ETF,ETF,CAD,CA44055V1031
HRED,BetaPro Equal Weight Canadian REIT -2x Daily Bear ETF,ETF,CAD,CA08665L1022
HRES,Harvest Global Resource Leaders ETF Class A,ETF,CAD,CA41754Q1046
HREU,BetaPro Equal Weight Canadian REIT 2x Daily Bull ETF,ETF,CAD,CA08665M1005
HRG,High River Gold J (HRG.TO,Common Stock,CAD,
HRR-UN,Australian REIT Income Fund,ETF,CAD,CA05257X1069
HRT,Harte Gold Corp,Common Stock,CAD,CA4161901067
HRX,Heroux-Devtek Inc.,Common Stock,CAD,CA42774L1094
HSD,BetaPro S&P 500® -2x Daily Bear ETF,ETF,CAD,CA08664D1015
HSE,Husky Energy Inc,Common Stock,CAD,CA4480551031
HSE-PA,Husky Energy Inc,Preferred Stock,CAD,
HSE-PB,Husky Energy Inc,Common Stock,CAD,
HSE-PC,Husky Energy Inc,Common Stock,CAD,
HSE-PE,HSE-PE,Common Stock,CAD,
HSE-PG,HSE-PG,Common Stock,CAD,
HSL,Global X Active Floating Rate Senior Loan ETF Class E,ETF,CAD,CA44052L2075
HSM,Helius Medical Technologies Inc,Common Stock,CAD,US42328V6039
HSPN,Harvest Digital Sports &Entertainment ETF- Class A Units,ETF,CAD,CA41756K1057
HSU,BetaPro S&P 500® 2x Daily Bull ETF,ETF,CAD,CA08663L1040
HTD,HorizonsBetaPro US 30 Year Bd Bear+ ETF,ETF,CAD,
HTH,Horizons US 7-10 Year Treasury Bond CAD Hedged ETF,ETF,CAD,CA44054X1006
HTL,Hamilton Thorne Ltd.,Common Stock,CAD,
HUF,Global X Active Ultra-Short Term US Investment Grade Bond ETF,ETF,CAD,CA44051R1148
HUF-U,Global X Active Ultra-Short Term US Investment Grade Bond ETF,ETF,USD,CA44051R1148
HUIB,Harvest US Investment Grade Bond Plus ETF,ETF,CAD,CA41755K1066
HUL,Harvest US Equity Plus Income ETF,ETF,CAD,CA41756A1075
HUL-U,Harvest US Equity Plus Income ETF,ETF,USD,
HUM-U,Hamilton U.S. Mid/Small-Cap Financials ETF,ETF,USD,CA4078661028
HUT_old,HUT,ETF,CAD,CA44812T1021
HUV,BetaPro S&P 500 VIX Short-Term Futures ETF,ETF,CAD,CA08664B1058
HVAX,Global X Global Vaccines and Infectious Diseases Index ETF,ETF,CAD,CA4405641024
HVI,BetaPro S&P 500 VIX Short-Term Futures Daily Inverse ETF,ETF,CAD,
HVU,BetaPro S&P 500 VIX Short-Term Futures 2x Daily Bull ETF,ETF,CAD,
HWD,Hardwoods Distribution Inc,Common Stock,CAD,
HWF,Middlefield Healthcare & Wellness Dividend Fund,FUND,CAD,CA59633P1053
HXD,BetaPro S&P/TSX 60 -2x Daily Bear ETF,ETF,CAD,CA08660R1047
HXU,BetaPro S&P TSX 60 2x Daily Bull,ETF,CAD,CA08662W2004
HYD,Hyduke Energy Services Inc,Common Stock,CAD,
HYDR,Global X Global Hydrogen Index ETF,ETF,CAD,CA4404871069
HYG,Hydrogenics Corp,Common Stock,CAD,CA4488832078
HYI,Global X Active High Yield Bond CommonClass,ETF,CAD,CA43990B2066
HZD,BetaPro Silver 2x Daily Bear,ETF,CAD,CA08662X1096
HZM,Horizonte Minerals,Common Stock,CAD,GB00B11DNM70
HZU,BetaPro Silver 2x Daily Bull,ETF,CAD,CA08662T1084
HZY,Horizons Silver Yield ETF,ETF,CAD,
IAF-PB,Industrial Alliance Insurance and Financial Services Inc Pref Series B,Common Stock,CAD,CA4558713018
IAF-PG,Industrial Alliance Insurance and Financial Services Inc Pref Series G Class A,Common Stock,CAD,CA4558718066
IAF-PI,Industrial Alliance Insurance and Financial Services Inc Pref I,Common Stock,CAD,CA4558718710
IAG-PE,Industrial Alliance Insurance & Financial Services Inc,Preferred Stock,CAD,
IAG-PF,IAG-PF,Preferred Stock,CAD,
IAM,Integrated Asset Management Corp,Common Stock,CAD,
IBG,IBI Group Inc.,Common Stock,CAD,CA44925L1031
IBG-DBC,IBI GROUP INC 7.0 PCT DEBS SERI,FUND,CAD,
IBR,Iron Bridge Resources Inc,Common Stock,CAD,
ICP,IC Potash Corp,Common Stock,CAD,
ICTE,Invesco S&P/TSX Composite ESG Tilt Index ETF,ETF,CAD,CA46144V1013
IDG,Indigo Books & Music Inc.,Common Stock,CAD,CA45567S1083
IDR,Middlefield Real Estate Dividend ETF,ETF,CAD,CA5963581015
IEMB,IA Clarington Emerging Markets Bond Fund Series ETF,ETF,CAD,CA44932C1041
IFC-PD,Intact Financial Corporation,Common Stock,CAD,
IFL-UN,Voya Diversified Floating Rate Senior Loan Fund,FUND,CAD,
IGLB,IA Clarington Global Bond Fund,ETF,CAD,CA44932A1084
IGM-PB,IGM-PB,Preferred Stock,CAD,
IGX,Intelgenx Technologs,Common Stock,CAD,US45822R1014
IIP-UN,InterRent Real Estate Investment Trust,Common Stock,CAD,CA46071W2058
IITE,Invesco S&P International Developed ESG Tilt Index ETF,ETF,CAD,CA46145L1022
ILV,Invesco S&P International Developed Low Volatility Index ETF,ETF,CAD,CA46142R1029
ILV-F,Invesco S&P International Developed Low Volatility Index ETF,ETF,CAD,
IMV,IMV Inc.,Common Stock,CAD,CA44974L1031
IMX,Imax Corp,Common Stock,CAD,CA45245E1097
In,InMed Pharmaceuticals Inc,Common Stock,CAD,CA4576375022
INCR-U,InterCure Ltd,Common Stock,USD,
INE,Innergex Renewable Energy Inc.,Common Stock,CAD,CA45790B1040
INE-PA,Innergex Renewable Energy Inc Pref A,Preferred Stock,CAD,CA45790B5009
INE-PC,Innergex Renewable Energy Inc Pref C,Preferred Stock,CAD,CA45790B7088
INF-UN,Sustainable Infrastructure Division Fund,ETF,CAD,
INQ,INSCAPE Corporation,Common Stock,CAD,CA45769T1021
INSR,BMO Global Insurance Hedged to CAD Index ETF,ETF,CAD,CA09659P1099
INV,INV Metals Inc,Common Stock,CAD,CA46123C2076
IPCI,Intellipharmaceutics International Inc,Common Stock,CAD,CA4581733090
IPL,Inter Pipeline Ltd,Common Stock,CAD,CA45833V1094
IPLP,IPL Plastics Inc,Common Stock,CAD,CA44987Y1007
IRG,Imvescor Restaurant Group Inc,Common Stock,CAD,
IRON,Alderon Iron Ore Corp,Common Stock,CAD,
ISC,Information Services Corporation,Common Stock,CAD,
ISTE,Invesco S&P 500 ESG Tilt Index ETF,ETF,CAD,CA46145U1021
ISV,Information Services Corporation,Common Stock,CAD,CA45676A1057
ITC,Intrinsyc Technologies Corporation,Common Stock,CAD,
ITE,I3 Energy PLC,Common Stock,CAD,GB00BDHXPJ60
ITP,Intertape Polymer Group Inc.,Common Stock,CAD,CA4609191032
ITX,The Intertain Group Limited,Common Stock,CAD,
IUCE,Invesco S&P US Total Market ESG Index ETF,ETF,CAD,CA46144N2086
IUTE,Invesco S&P US Total Market ESG Tilt Index ETF,ETF,CAD,CA46145C1023
IWBE,Invesco ESG Global Bond ETF,ETF,CAD,CA46091E1025
IXTE,Invesco S&P/TSX 60 ESG Tilt Index ETF,ETF,CAD,CA46145M1005
JDU,JDS Uniphase Corporation,Common Stock,CAD,
JE,Just Energy Group Inc,Common Stock,CAD,CA48213W4083
JE-DBB,JUST ENERGY GROUP INC 5.75 CONV,FUND,CAD,
JE-PU,Just Energy Group Inc Pref,Preferred Stock,USD,
JOSE,Josemaria Resources Inc,Common Stock,CAD,CA48086P1009
JOV,Jovian Capital Corporation (JOV.TO,Common Stock,CAD,
KAT,Katanga Mining Limited,Common Stock,CAD,CA4858471077
KBR,Kimber Res Inc,Common Stock,CAD,
KDX,Klondex Mines Ltd.,Common Stock,CAD,CA4986961031
KEC,Kiwetinohk Energy Corp,Common Stock,CAD,CA49836K1021
KEG-UN,The Keg Royalties Income Fund,Common Stock,CAD,
KER,Arizona Gold Corp,Common Stock,CAD,CA4924052042
KEW,Kew Media Group Inc,Common Stock,CAD,
KFS,Kingsway Financial Services Inc,Common Stock,CAD,
KL,Kirkland Lake Gold Ltd,Common Stock,CAD,CA49741E1007
KML,Kinder Morgan Canada Limited,Common Stock,CAD,
KML-PA,Kinder Morgan Canada Limited,Common Stock,CAD,
KML-PC,Kinder Morgan Canada Limited,Common Stock,CAD,
KOR,Corvus Gold Inc,Common Stock,CAD,CA2210131058
KRI,Khan Resources Inc,Common Stock,GBP,
KRR,Karora Resources Inc,Common Stock,CAD,CA48575L2066
KSI,Kneat.com Inc,Common Stock,CAD,CA4988241010
KWH-UN,Crius Energy Trust,Common Stock,CAD,CA22676R1156
KXF,KXF,ETF,CAD,
L-PA,L-PA,Preferred Stock,CAD,
L-PB,Loblaw Companies Ltd,Preferred Stock,CAD,CA5394817053
LAAC,Lithium Americas (Argentina) Corp.,Common Stock,CAD,CA53681K1003
LB-PJ,Laurentian Bank of Canada,Common Stock,CAD,
LDGR,Coincapital STOXX Blockchain Patents Innovation Index Fund ETF,ETF,CAD,CA19260R1055
LEAD-U,Evolve Future Leadership Fund - Hedged ETF,ETF,USD,CA3005433030
LEAF,MedReleaf Corp,Common Stock,CAD,CA58506X1042
LEG,Legacy Oil & Gas Inc,Common Stock,CAD,
LEV,Lion Electric Corp,Common Stock,CAD,CA5362211040
LFX,LeadFX Inc,Common Stock,CAD,
LGQ,LOGiQ Asset Management Inc. prior to reverse merger with Grenville Strategic Royalty Corp,Common Stock,CAD,
LGT-A,Logistec Corporation,Common Stock,CAD,
LGT-B,Logistec Corporation,Common Stock,CAD,
LIM,Labrador Iron Mines Holdings Ltd,Common Stock,CAD,
LINK,Evolve Blockchain ETF,ETF,CAD,
LIQ,Liquor Stores N.A. Ltd,Common Stock,CAD,
LIRC,Lithium Royalty Corp,Common Stock,CAD,CA53680W1059
LMNL,Liminal BioSciences Inc,Common Stock,CAD,CA53272L1031
LN,Loncor Resources Inc,Common Stock,CAD,CA54180A1066
LOCL,Freshlocal Solutions Inc,Common Stock,CAD,CA35805C1068
LORL_old,Loral Space & Communications Inc,Common Stock,CAD,
LPEN,Loop Energy Inc,Common Stock,CAD,CA54352E1007
LRT-DBG,LANESBOROUGH REIT 9.5 PCT SER G,FUND,CAD,
LSG,Lake Shore Gold Corp,Common Stock,CAD,
LSPK,LifeSpeak Inc,Common Stock,CAD,
LVN,Levon Resources Ltd,Common Stock,CAD,
LWRK,LifeWorks Inc,Common Stock,CAD,CA53227W1059
LXF,LXF,ETF,CAD,
LXR,LXRandCo Inc,Common Stock,CAD,CA5507891011
LYD,Lydian International Limited,Common Stock,CAD,JE00B29LFF73
MAA,MagIndustries Corp,Common Stock,CAD,
MAG,MAG Silver Corp,Common Stock,CAD,CA55903Q1046
MAGT,Magnet Forensics Inc,Common Stock,CAD,CA55940P1018
MAK-V,MAK Acquisition Corp.,Common Stock,CAD,
MAR,Mount Logan Capital Inc,Common Stock,CAD,
MAUG,Mackenzie US All Cap Growth ETF,ETF,CAD,
MAV,Mav Beauty Brands Inc,Common Stock,CAD,CA57767U1066
MAW,Mawson Gold Ltd,Common Stock,CAD,CA5777891006
MAX,Perpetua Resources Corp,Common Stock,CAD,CA59562B1013
MAXR,Maxar Technologies Inc,Common Stock,CAD,US57778K1051
MAY,Meadow Bay Gold Corporation,Common Stock,CAD,
MBA,CIBT Education Group Inc.,Common Stock,CAD,CA17163Y1025
MBCN,MindBeacon Holdings Inc,Common Stock,CAD,CA60255X1033
MBN,MBN Corporation,Common Stock,CAD,CA55278P1036
MCDS,McDonald’s CDR (CAD Hedged),Common Stock,CAD,US5801351017
MCOR,Manulife Core Plus Bond Fund,ETF,CAD,
MDC-UN,Digital Consumer Dividend Fund,ETF,CAD,
MDD,Mag One Products Inc,Common Stock,CAD,
MDF,mdf Commerce Inc,Common Stock,CAD,CA55283M1032
MDVD,Mackenzie Global Sustainable Dividend Index ETF,ETF,CAD,CA5545691035
MDVD-U,Mackenzie Global Sustainable Dividend Index ETF U.S. dollar,ETF,USD,
ME,Moneta Gold Inc,Common Stock,CAD,CA60928P1071
MEDFF,MedReleaf Corp,Common Stock,CAD,
MEE,Mackenzie Maximum Diversification Emerging Markets Index ETF,ETF,CAD,CA55453Q1081
MEG,MEG Energy Corp,Common Stock,CAD,CA5527041084
MERC-U,Mercer International Inc.,Common Stock,CAD,US5880561015
MESH,Evolve Metaverse ETF,ETF,CAD,CA30053X1006
MEU,Mackenzie Maximum Diversification Developed Markets Index ETF,ETF,CAD,CA55453P1009
MFC-PA,Manulife Financial Corporation ,Preferred Stock,CAD,
MFC-PG,MFC-PG,Preferred Stock,CAD,
MFC-PH,Manulife Financial Corporation,Preferred Stock,CAD,
MFC-PO,Manulife Financial Corporation,Common Stock,CAD,
MFC-PP,Manulife Financial Corp Pref Class 1 Series 4,Preferred Stock,CAD,CA56501R8416
MFC-PR,Manulife Financial Corporation,Common Stock,CAD,
MFC296,Mackenzie Glo Small Mc Equ Fund Ser A - FE,FUND,CAD,
MFC4644,Mackenzie US All Cap Growth Fund Series D,FUND,CAD,
MFR-UN,Manulife FLoating Rate Senior (MFR-UN.TO,Common Stock,CAD,
MGX,Mgm Energy Corp. (MGX.TO,Common Stock,CAD,
MIC,Sagen MI Canada Inc,Common Stock,CAD,CA37252B1022
MID,MINT Income Fund,FUND,CAD,
MIG-UN,Marret Investment Grade Bond Fund,FUND,CAD,
MIN,Excelsior Mining Corp,Common Stock,CAD,CA3007632084
MIND,Global X Active A.I. Global Equity ETF,ETF,CAD,CA44054Q1054
MINN,Middlefield Innovation Dividend ETF,ETF,CAD,CA5963391019
MIT,The Mint Corporation,Common Stock,CAD,
MKC,Mackenzie Maximum Diversification Canada Index ETF,ETF,CAD,CA55453L1094
MLD-UN,Moneda LatAm Corporate Bond Fund,ETF,CAD,
MLG,Malaga Inc (MLG.TO,Common Stock,CAD,
MMG,Metallic Minerals Corp,Common Stock,CAD,
MMX,Maverix Metals Inc,Common Stock,CAD,CA57776F4050
MN,Manganese X Energy Corp,Common Stock,CAD,
MNB,Mirabela Nickel Limited (MNB.TO,Common Stock,CAD,
MND,Mandalay Resources Corp,Common Stock,CAD,CA5625684025
MNR,Mason Resources Corp,Common Stock,CAD,
MNS-U,Royal Canadian Mint - Canadian Silver Reserves,ETF,USD,
MNW,Mitel Networks Corp.,Common Stock,CAD,CA60671Q1046
MOGO,Mogo Inc,Common Stock,CAD,CA60800C2085
MOZ,Marathon Gold Corporation,Common Stock,CAD,CA56580Q1028
MPCF,Mackenzie Portfolio Completion ETF,ETF,CAD,CA55454D1069
MPVD,Mountain Province Diamonds Inc,Common Stock,CAD,CA62426E4022
MQR,Monarch Gold Corporation,Common Stock,CAD,CA60918T1012
MR-DB,MELCOR REIT 5.50 PCT DEBS,FUND,CAD,
MR-UN,Melcor Real Estate Investment Trust,Common Stock,CAD,CA58546R1091
MRG-DB,MORGUARD NA REIT 4.65 PCT DEBS,FUND,CAD,
MRV_old,Nuvo Pharmaceuticals Inc,Common Stock,CAD,CA67092F1045
MSI,LifeWorks Inc,Common Stock,CAD,CA53227W1059
MSRE-UN,Sustainable Real Estate Dividend Fund,FUND,CAD,
MTAV,Global X Metaverse Index ETF,ETF,CAD,CA4405071016
MUS,Mackenzie Maximum Diversification US Index ETF,ETF,CAD,CA55453M1077
MUSC-B,Manulife Multifactor U.S. Small Cap Index ETF (Unhedged),ETF,CAD,
MVP,MediaValet Inc,Common Stock,CAD,CA58450L3048
MWD,Mackenzie Maximum Diversification All World Developed Index ETF,ETF,CAD,CA55453N1050
MXF,CI First Asset Can-Materials Covered Call ETF Common,ETF,CAD,CA31863N1261
MXU,Mackenzie Maximum Diversification All World Developed ex North America Index ETF,ETF,CAD,CA55454L1085
MYA,Maya Gold and Silver Inc,Common Stock,CAD,CA5778385016
MYG,Mirati Therapeutics Inc,Common Stock,CAD,US60468T1051
NA-PA,National Bank of Canada,Common Stock,CAD,
NA-PL,National Bank of Canada PREF SER 16,Preferred Stock,CAD,
NA-PW,National Bank of Canada Pref W,Preferred Stock,CAD,CA6330672859
NA-PX,NA-PX,Common Stock,CAD,
NAC-U,NextPoint Financial Inc,Common Stock,USD,
NAF-UN,Global Capital Securities Trust,Common Stock,CAD,
NAL,Newalta Corporation,Common Stock,CAD,
NB,Niocorp Developments Ltd.,Common Stock,CAD,CA6544841043
NBAM,Brookfield Asset Management Ltd.,Common Stock,CAD,
NBLY,Neighbourly Pharmacy Inc,Common Stock,CAD,
NCAP,Ninepoint Capital Appreciation Fund,FUND,CAD,
NCC-A,Newfoundland Capital Corp Ltd,Common Stock,CAD,
NCC-B,Newfoundland Capital Corporation Limited,Common Stock,CAD,
NCG,NCM Core Global - Series ETF,ETF,CAD,CA62887P1027
NCM,Newcrest Mining Ltd,Common Stock,CAD,AU000000NCM7
NCP,Nickel Creek Platinum Corp,Common Stock,CAD,CA65389F1009
NCU,Nevada Copper Corp.,Common Stock,CAD,CA64128F7039
ND,New Dawn Mining Corp. (ND.TO,Common Stock,CAD,
NDN,Nordion Inc(NDN.TO,Common Stock,CAD,
NDQ,Novadaq Technologies Inc.,Common Stock,CAD,CA66987G1028
NEPT,Neptune Wellness Solutions Inc,Common Stock,CAD,CA64079L2049
NEW-A,Newgrowth Corp Cl A Cap Shs Np,Common Stock,CAD,
NEXA,Nexa Resources S.A,Common Stock,CAD,LU1701428291
NFAM,NBI Canadian Family Business ETF,ETF,CAD,CA62878G1037
NGD,New Gold Inc,Common Stock,CAD,CA6445351068
NGDN,SavvyShort Geared Natural Gas ETF,ETF,CAD,
NGL,Angle Energy Inc (NGL.TO,Common Stock,CAD,
NGQ,Josemaria Resources Inc,Common Stock,CAD,
NGT,Newmont Goldcorp Corp,Common Stock,CAD,US6516391066
NGUP,SavvyLong Geared Natural Gas ETF,ETF,CAD,
NHF-UN,Northview Canadian High Yield Residential Fund,FUND,CAD,
NHK,Nighthawk Gold Corp,Common Stock,CAD,CA65412D8098
NIF-UN,Noranda Income Fund,FUND,CAD,
NKO,Niko Resources Ltd,Common Stock,CAD,
NLN,NeuLion Inc,Common Stock,CAD,
NMC,Newmont Mining Corp. Of Cda Ltd. (NMC.TO,Common Stock,CAD,
NML,New Millennium Iron Corp,Common Stock,CAD,CA64753V1067
NMX,Nemaska Lithium Inc,Common Stock,CAD,CA64045C1068
NOVC,Nova Cannabis Inc,Common Stock,CAD,CA66980W1041
NPC,NAPEC Inc,Common Stock,CAD,
NPF-U,NextPoint Financial Inc,Common Stock,CAD,
NPF-UN,North American Preferred Share Fund,FUND,CAD,
NPI-PC,Northland Power 3 Cum Rst Prf,Preferred Stock,CAD,CA6665116050
NPS_old,Canadian Large Cap Leaders,Common Stock,CAD,
NRI,Nuvo Pharmaceuticals Inc,Common Stock,CAD,CA67092F1045
NSR,Nomad Royalty Company Ltd,Common Stock,CAD,CA65532M6062
NSU,Nevsun Resources Ltd.,Common Stock,CAD,CA64156L1013
NTGB,NBI Target 2027 Investment Grade Bond Fund,FUND,CAD,
NTGC,NBI Target 2028 Investment Grade Bond Fund,FUND,CAD,
NUMI,Numinus Wellness Inc,Common Stock,CAD,CA67054W1032
NUS,Nautilus Minerals Inc,Common Stock,CAD,
NVA,NuVista Energy Ltd.,Common Stock,CAD,CA67072Q1046
NVCN,Neovasc Inc,Common Stock,CAD,CA64065J3047
NVEI,Nuvei Corp,Common Stock,CAD,CA67079A1021
NVEI-U,Nuvei Corporation,Common Stock,USD,
NVLN,Novelion Therapeutics Inc,Common Stock,CAD,CA67001K2020
NVU-UN,Northview Apartment Real Estate Investment Trust,Common Stock,CAD,CA6671851021
NWH-DB,NORTHWEST HEALTHCARE PROP REIT,FUND,CAD,
NWH-UN,NorthWest Healthcare Properties Real Estate Investment Trust,Common Stock,CAD,CA6674951059
NWI,Nuinsco Resources Ltd,Common Stock,CAD,
NXC,NEXC Partners Corp. (NXC.TO,Common Stock,CAD,
NXJ,NexJ Systems Inc,Common Stock,CAD,CA65342B1058
NZC,Norzinc Ltd,Common Stock,CAD,CA66976U1049
OGRMF,OrganiGram Holdings Inc,Common Stock,CAD,
OLA,Orla Mining Ltd,Common Stock,CAD,CA68634K1066
OLE,Oromin Explorations Ltd. (OLE.TO,Common Stock,CAD,
OMG,Opmedic Group Inc (OMG.TO,Common Stock,CAD,
OMI,Orosur Mining Inc,Common Stock,CAD,CA6871961059
ONC,Oncolytics Biotech Inc,Common Stock,CAD,CA6823108759
ONR,Open Range Energy Corp. (ONR.TO,Common Stock,CAD,
OPM,Opta Minerals Inc,Common Stock,CAD,
OPS,Opsens Inc,Common Stock,CAD,CA6838231083
OPT,Optiva Inc,Common Stock,CAD,CA68403N3076
ORA,Aura Minerals Inc,Common Stock,CAD,VGG069731120
ORBT,Harvest Space Innovation Index ETF - Class A Units,ETF,CAD,CA41755G1054
OREA,Orea Mining Corp,Common Stock,CAD,CA6857821046
ORL,Allkem Limited,Common Stock,CAD,AU000000ORE0
OSB,Norbord Inc,Common Stock,CAD,CA65548P4033
OSF-UN,Oil Sands Sector Fund,FUND,CAD,
OSK,Osisko Mining Corp,Common Stock,CAD,CA6882811046
OSP,Brompton Oil Split Corp,Common Stock,CAD,CA11222H1010
OSP-PA,Brompton Oil Split Corp,Common Stock,CAD,CA11222H2000
OXC,Forza Petroleum Limited,Common Stock,CAD,CA68764K1084
OXF,First Asset Can-Energy Cov Call ETF Comm,ETF,CAD,
P,Primero Mining Corp,Common Stock,CAD,
PAR-DBB,PARTNERS REIT 5.5 PCT DEBS,FUND,CAD,
PAR-UN,Partners Real Estate Investment Trust,Common Stock,CAD,
PAT,Patriot One Technologies Inc,Common Stock,CAD,CA70339L1085
PATH,CounterPath Corporation,Common Stock,CAD,US22228P3029
PAY,Payfare Inc,Common Stock,CAD,CA70437C1095
PBY-UN,Canso Credit Trust - Canso Credit Income Fund,Common Stock,CAD,
PCD-UN,Pathfinder Income Fund,FUND,CAD,
PCR,Pinecrest Resources Ltd,Common Stock,CAD,
PCU-UN,Premier Canadian Income Fund,FUND,CAD,
PCY,Silver Elephant Mining Corp,Common Stock,CAD,
PDL,Impala Canada Ltd,Common Stock,CAD,
PEA,Pieridae Energy Ltd,Common Stock,CAD,CA7207861021
PEGI,Pattern Energy Group Inc,Common Stock,CAD,
PEU,Purpose Enhanced US Equity Fund Series ETF,ETF,CAD,
PEU-B,Purpose Enhanced US Equity Fund Series ETF Non-Ccy Hdg,ETF,CAD,
PFB,PFB Corporation,Common Stock,CAD,CA69331T1012
PFG,Purpose Global Financials Income Fund,FUND,CAD,CA74641P1045
PFH,PowerShares Fdmt HiYld Corp Bd CAD H ETF,ETF,CAD,
PFH-F,Invesco Fundamental High Yield Corporate Bond Index ETF,ETF,CAD,CA46141M1041
PFSS,Picton Mahoney Fortified Special Situations Alternative Fund ETF,ETF,CAD,CA72000P1036
PG,Premier Gold Mines Limited,Common Stock,CAD,CA74051D1042
PGD,Peregrine Diamonds Ltd,Common Stock,CAD,
PGF,Pengrowth Energy Corporation,Common Stock,CAD,CA70706P1045
PGL,PowerShares Ultra Liquid LT Govt Bd ETF,ETF,CAD,
PGLC,Pershing Gold Corp,Common Stock,CAD,US7153022048
PHO,Photon Control Inc,Common Stock,CAD,CA7193601092
PIH,Pacific Insight Electronics Corp,Common Stock,CAD,
PIPE,Pipestone Energy Corp,Common Stock,CAD,CA7241121077
PIX-UN,PIMCO Multi-Sector Income Fund,FUND,CAD,
PJC-A,Jean Coutu Group,Common Stock,CAD,CA47215Q1046
PKI,Parkland Fuel Corporation,Common Stock,CAD,CA70137W1086
PL,Pinnacle Renewable Energy Inc,Common Stock,CAD,CA72349J1075
PLB,Paladin Labs J (PLB.TO,Common Stock,CAD,
PLC,Park Lawn Corp,Common Stock,CAD,CA7005632087
PLI,Liminal BioSciences Inc,Common Stock,CAD,
PLS,Polaris Materials Corporation,Common Stock,CAD,
PLV,Invesco Low Volatility Portfolio ETF,ETF,CAD,CA46140L1076
PMB-UN,Picton Mahoney Tactical Income Fund,FUND,CAD,
PMET_old,PMET,Common Stock,CAD,
PMN,Promis Neurosciences Inc,Common Stock,CAD,CA74346M1095
PMT,Perpetual Energy Inc,Common Stock,CAD,CA7142703031
PMTS,CPI Card Group Inc,Common Stock,CAD,US12634H2004
POM,Polymet Mining Corp,Common Stock,CAD,CA7319164090
PONY,Painted Pony Energy Ltd,Common Stock,CAD,CA6957791081
POT,Potash Corporation of Saskatchewan Inc,Common Stock,CAD,
POW-PE,Power Corporation of Canada,Preferred Stock,CAD,
POW-PF,POW-PF,Common Stock,CAD,
PPL-DBF,PEMBINA PIPELINE CORP. 5.75 PCT,FUND,CAD,
PPL-PFC,Pembina Pipeline Corp Pref Series 23,Common Stock,CAD,CA7063277494
PPL-PI,Pembina Pipeline Corp Pref I,Preferred Stock,CAD,CA7063278062
PPL-PK,Pembina Pipeline Corporation,Common Stock,CAD,
PPL-PM,Pembina Pipeline Corporation,Common Stock,CAD,
PPL-PS,Pembina Pipeline Corp Pref Series 19 Class A,Preferred Stock,CAD,CA7063277809
PPS,Invesco Canadian Preferred Share Index ETF,ETF,CAD,CA46138Q1000
PRB,Probe Gold Inc.,Common Stock,CAD,CA74290F1009
PREF_old,Evolve Dividend Stability Preferred Share Index ETF,ETF,CAD,CA30053D1042
PRI,Primary Energy Recycling Corp (PRI.TO,Common Stock,CAD,
PRK,Potash Ridge Corporation,Common Stock,CAD,
PRMCF,Cronos Group Inc,Common Stock,CAD,
PRMW,Primo Water Corp,Common Stock,CAD,CA74167P1080
PRT,Prt Growing Services Ltd,Common Stock,CAD,
PRV-DB,PRO Real Estate Investment Trust,Common Stock,CAD,
PRYM,Prime Mining Corp.,Common Stock,CAD,
PSY,Invesco Global Shareholder Yield ETF CAD,ETF,CAD,CA46139T1030
PSY-U,Invesco Global Shareholder Yield ETF,ETF,USD,
PTB,Invesco ESG Canadian Core Plus Bond ETF,ETF,CAD,CA46137U1021
PTG,Pivot Technology Solutions Inc,Common Stock,CAD,CA72582B2093
PTI,Patheon Inc(PTI.TO,Common Stock,CAD,
PTI-UN,PIMCO Tactical Income Fund,FUND,CAD,
PTO-UN,PIMCO Tactical Income Opportunities Fund,FUND,CAD,
PTS,Points International Ltd.,Common Stock,CAD,CA73085G1090
PUD,Purpose US Dividend Fund Series ETF,ETF,CAD,CA74640K1066
PUD-B,Purpose Fund Corp. - Purpose US Dividend Fund,ETF,CAD,
PUR,Pure Technologies Ltd,Common Stock,CAD,
PVG,Pretium Resources Inc,Common Stock,CAD,CA74139C1023
PVS-PB,Partners Value Split Corp,Preferred Stock,CAD,
PVS-PC,Partners Value Split Corp,Preferred Stock,CAD,
PVS-PD,Partners Value Split Corp,Preferred Stock,CAD,
PVS-PE,Partners Value Split Corp,Common Stock,CAD,
PVS-PF,Partners Value Split Corp,Preferred Stock,CAD,CA70214J8068
PVS-PG,Partners Value Split Corp Pref Series 9,Preferred Stock,CAD,CA70214J8894
PVS-PI,Partners Value Split Corp,Preferred Stock,CAD,CA70214J8639
PWF,Power Financial Corporation,Common Stock,CAD,CA73927C1005
PWF-PF-A,Power Financial 5.25 Sr E Prf,Common Stock,CAD,CA73927C8869
PWF-PI,Power Financial Corporation,Common Stock,CAD,
PWF-PQ,Power Financial Corp Pref Q,Preferred Stock,CAD,CA73927C7614
PXF,First Asset Provincial Bond ETF Comm,ETF,CAD,
PXG,PowerShares FTSE RAFI Global Fundamental,ETF,CAD,CA46142L1058
PXG-U,Invesco FTSE RAFI Global+ Index ETF,ETF,USD,
PXS-U,CI Invesco RAFI U.S. Index ETF II,ETF,USD,
PXU,PowerShares FTSE RAFI US Fdmt CAD H ETF,ETF,CAD,
PXX,BlackPearl Resources Inc,Common Stock,CAD,
PYF-B,Purpose Fund Corp. - Purpose Premium Yield Fund,ETF,CAD,CA74641L2021
PZC,Invesco FTSE RAFI Canadian Small-Mid Index ETF,ETF,CAD,CA46140M1059
PZW-U,CI Invesco RAFI Global Small-Mid ETF,ETF,USD,
QCD,AGF Systematic Canadian Equity ETF,ETF,CAD,CA00848G1000
QEM,QuantShares Enhanced Core Emerging Markets,ETF,CAD,CA00850F1071
QFOR,Q4 Inc,Common Stock,CAD,CA74738R1047
QGL,AGFiQ Global Equity ETF Portfolio,ETF,CAD,CA00110J1057
QIE,AGFiQ Enhanced Core International Equity,ETF,CAD,CA00851M1014
QIPT,Quipt Home Medical Corp.,Common Stock,CAD,
QMA,AGFiQ Global Balanced ETF Portfolio,ETF,CAD,CA00111B1013
QMI,Queenston Mng,Common Stock,CAD,
QMY,AGFiQ Global Income ETF Portfolio,ETF,CAD,CA00111A1030
QQJE,Invesco ESG NASDAQ Next Gen 100 ETF,ETF,CAD,CA46091C1068
QUDV,AGFiQ US Long/Short Dividend Income CAD-Hedged ETF,ETF,CAD,
QUS,QuantShares Enhanced Core US,ETF,CAD,CA00850E1007
QUU-U,Mackenzie US Large Cap Equity Index ETF,ETF,USD,CA55454T2002
R,Red Eagle Mining Corporation,Common Stock,CAD,
RA-UN,Middlefield Global Real Asset Fund,FUND,CAD,
RAV,Ravensource Fund,FUND,CAD,
RAV-UN,Ravensource Fund Trust Units (RAV-UN.TO,Common Stock,CAD,
RAY-A,Stingray Group Inc,Common Stock,CAD,CA86084H2090
RAY-B,Stingray Group Inc,Common Stock,CAD,CA86084H2090
RBDI,RBC BlueBay Global Diversified Income (CAD Hedged) ETF,ETF,CAD,CA74933Y1025
RBOT-U_old,Horizons Robotics and Automation Index ETF,ETF,USD,
RCE,RBC Quant Canadian Equity Leaders,ETF,CAD,CA74933C1005
RCG,RF Capital Group Inc,Common Stock,CAD,CA74971G4016
RCG-PB,RF Capital Group Pref,Preferred Stock,CAD,CA74971G2036
RCG-PC,RCG-PC,Common Stock,CAD,
RDK,Redhawk Resources Inc,Common Stock,CAD,
RDL,Redline Communications Group Inc.,Common Stock,CAD,CA7576374002
REAX,The Real Brokerage Inc.,Common Stock,CAD,
RECP,Recipe Unlimited Corp,Common Stock,CAD,CA75622P1045
REF-UN,Canadian Real Estate Investment Trust,Common Stock,CAD,CA13650J1049
REIT_old,Invesco S&P/TSX REIT Income Index ETF,ETF,CAD,CA46142E1016
RET,Reitmans (Canada) Limited,Common Stock,CAD,
RET-A,Reitmans (Canada) Limited,Common Stock,CAD,
REUN,Reunion Neuroscience Inc.,Common Stock,CAD,
RFP,Resolute Forest Products Inc,Common Stock,CAD,US76117W1099
RGQL,RBC Target 2024 Government Bond ETF,ETF,CAD,CA7549201068
RGQN,RBC Target 2025 Government Bond ETF,ETF,CAD,CA7493671084
RGRE,RBC Quant Global Real Estate Leaders ETF,ETF,CAD,CA74934J1049
RGRE-U,RBC Quant Global Real Estate Leaders ETF,ETF,USD,
RGT,Rockgate Capital Corp (RGT.TO,Common Stock,CAD,
RGX,Argex Titanium Inc,Common Stock,CAD,
RHI,RBC Quant EAFE Div Ldrs(CAD Hdg) ETF,ETF,CAD,
RHP,RBC Quant Eurp Div Ldrs(CAD Hedged) ETF,ETF,CAD,
RHU,RBC Quant US Div Ldrs (CAD Hdg) ETF,ETF,CAD,
RIB-UN,Ridgewood Canadian Investment Grade Bond Fund,FUND,CAD,
RIC_old,Richmont Mines Inc.,Common Stock,CAD,CA76547T1066
RIE,RBC Quant EAFE Equity Leaders,ETF,CAD,CA74933F1036
RIE-U,RBC Quant EAFE Equity Leaders ETF (USD),ETF,USD,
RIEH,RBC Quant EAFE Equity Leaders (CAD Hedged) ETF,ETF,CAD,CA74933G1019
RIG,RBC Quant Global Infrastructure Leaders ETF,ETF,CAD,CA74934L1094
RIG-U,RBC Quant Global Infrastructure Leaders ETF,ETF,USD,
RIGU,Russell Investments Global Unconstrained Bond Pool ETF Series,ETF,CAD,
RIO_old,Rio Alto Mining Ltd,Common Stock,CAD,
RITD,BetaPro Equal Weight Canadian REIT -2x Daily Bear ETF,ETF,CAD,
RITU,BetaPro Equal Weight Canadian REIT 2x Daily Bull ETF,ETF,CAD,
RIV,RIV Capital Inc,Common Stock,CAD,CA7680141024
RKN,Optiva Inc,Common Stock,CAD,
RLD,RBC Strategic Global Dividend Leaders ETF,ETF,CAD,CA74933P1018
RLE,RBC Strategic Global Equity Leaders ETF,ETF,CAD,CA74933M1086
RMBO,RBC 6-10 year Laddered Canadian Corporate Bond ETF,ETF,CAD,CA74935B1004
RME,Rocky Mountain Equipment Alberta Ltd,Common Stock,CAD,CA77467Q1063
RMP,RMP Energy Inc,Common Stock,CAD,
RMX,Rubicon Minerals Corporation,Common Stock,CAD,
RN,Rio Novo Gold Inc,Common Stock,CAD,
RNW,TransAlta Renewables Inc,Common Stock,CAD,CA8934631091
RNX,Karora Resources Inc,Common Stock,CAD,
ROBO,Horizons Robotics and Automation ETF,ETF,CAD,
ROXG,Roxgold Inc,Common Stock,CAD,CA7798992029
RPI-UN,Richards Packaging Income Fund,Common Stock,CAD,
RPR-UN,Ravelin Properties REIT,Common Stock,CAD,CA8310211005
RPSB,RBC PH&N Short Term Canadian Bond ETF,ETF,CAD,CA74934P1009
RQC,RQC,ETF,CAD,
RQD,RBC Target 2016 Corporate Bond ETF,ETF,CAD,
RQE,RBC Target 2017 Corporate Bond ETF,ETF,CAD,
RQF,RBC Target 2018 Corporate Bond ETF,ETF,CAD,
RQG,RBC Target 2019 Corporate Bond Index ETF,ETF,CAD,CA74931G1037
RQH,RBC Target 2020 Corporate Bond Index ETF,ETF,CAD,CA74931H1010
RQI,RBC Target 2021 Corporate Bond Index ETF,ETF,CAD,CA74931K1049
RQJ,RBC Target 2022 Corporate Bond,ETF,CAD,CA74934W1059
RQK,RBC Target 2023 Corporate Bond Index ETF,ETF,CAD,CA74934C1095
RQL,RBC Target 2024 Corporate Bond Index ETF,ETF,CAD,CA74935E1043
RQN,RBC Target 2025 Corporate Bond Index ETF,ETF,CAD,CA74935C1086
RR,Rainy River Resources Ltd,Common Stock,CAD,
RRX,Raging River Exploration Inc,Common Stock,CAD,CA7506491058
RSI-DBD,ROGERS SUGAR 5.75 PCT CONV DEBS,FUND,CAD,
RTCM,TSX Incme Trust Index (RTCM.TO,Common Stock,CAD,
RTRE,TSX REIT Capped Index,Common Stock,CAD,
RTU-UN,Cdn Resources Un (RTU-UN.TO,Common Stock,CAD,
RUBH,RBC U.S. Banks Yield (CAD Hedged) Index ETF,ETF,CAD,CA74935D1069
RUBY,RBC U.S. Banks Yield Index ETF,ETF,CAD,CA75528P1099
RUBY-U,RBC U.S. Banks Yield Index ETF,ETF,USD,CA75528P2089
RUE,RBC Quant US Equity Leaders,ETF,CAD,CA74933K1104
RUE-U,RBC Quant U.S. Equity Leaders ETF,ETF,USD,CA74933K1021
RUEH,RBC Quant U.S. Equity Leaders (CAD Hedged) ETF,ETF,CAD,CA74933E1060
RUP,Rupert Resources Ltd.,Common Stock,CAD,
RUQN,RBC Target 2025 U.S. Corporate Bond ETF,ETF,CAD,
RUSB-U,RBC Short Term U.S. Corporate Bond ETF,ETF,USD,
RWC,CI MSCI Canada Low Risk Weighted ETF,ETF,CAD,CA12555U1075
RWE,CI MSCI Europe Low Risk Weighted ETF Common Units,ETF,CAD,CA12555F1009
RWE-B,CI MSCI Europe Low Risk Weighted ETF,ETF,CAD,
RWU,CI MSCI USA Low Risk Weighted ETF,ETF,CAD,CA1254971072
RWU-B,CI MSCI USA Low Risk Weighted ETF,ETF,CAD,
RWW,First Asset MSCI World Low Risk Weighted CAD Hedged Common,ETF,CAD,CA1254991039
RWW-B,CI MSCI World Low Risk Weighted ETF,ETF,CAD,
RWX,CI MSCI International Low Risk Weighted ETF,ETF,CAD,CA12558K2056
RWX-B,CI MSCI International Low Risk Weighted ETF,ETF,CAD,
RXD,RBC Quant Emerging Markets Dividend Leaders,ETF,CAD,CA74932U1012
RXD-U,RBC Quant Emerging Markets Dividend Leaders ETF,ETF,USD,CA74932U2002
RXE,RBC Quant Emerging Markets Equity Leaders ETF,ETF,CAD,CA74933H1091
RXE-U,RBC Quant Emerging Markets Equity Leaders ETF,ETF,USD,
RY-PA,RY-PA,Preferred Stock,CAD,
RY-PB,Royal Bank of Canada,Preferred Stock,CAD,
RY-PC,Royal Bank of Canada,Preferred Stock,CAD,
RY-PD,RY-PD,Preferred Stock,CAD,
RY-PE,Royal Bank of Canada,Preferred Stock,CAD,
RY-PF,RY-PF,Preferred Stock,CAD,
RY-PG,Royal Bank of Canada NON-CUM FIRST PR SER AG,Preferred Stock,CAD,
RY-PH,Royal Bank of Canada Pref H,Common Stock,CAD,CA78012H5675
RY-PI,RY-PI,Preferred Stock,CAD,
RY-PJ,Royal Bank of Canada Pref J,Preferred Stock,CAD,CA78012Q1129
RY-PL,RY-PL,Preferred Stock,CAD,
RY-PM,Royal Bank of Canada Pref M,Preferred Stock,CAD,CA78012T4708
RY-PN,Royal Bank of Canada Pref N,Preferred Stock,CAD,CA78013J4550
RY-PO,Royal Bank of Canada Pref O,Preferred Stock,CAD,CA78013K6016
RY-PP,Royal Bank of Canada,Preferred Stock,CAD,
RY-PQ,Royal Bank of Canada,Preferred Stock,CAD,
RY-PR,Royal Bank of Canada,Common Stock,CAD,
RY-PW,Royal Bank of Canada 4.90% SER W,Preferred Stock,CAD,
RY-PZ,Royal Bank of Canada Pref Z,Preferred Stock,CAD,CA78012G4117
SBB,Sabina Gold & Silver Corp.,Common Stock,CAD,CA7852461093
SBN,S Split Corp,Common Stock,CAD,CA7847321097
SBN-PA,S Split Corp Pref A,Preferred Stock,CAD,CA7847322087
SBND,Purpose Short Duration Tactical Bond ETF,ETF,CAD,
SBR,Silver Bear Resources Inc,Common Stock,CAD,GB00BF2P1260
SBUL,Ninepoint Silver Bullion Fund,FUND,CAD,
SC,Shoppers Drug Mart Corporation (SC.TO,Common Stock,CAD,
SCAD,Scotia Strategic Canadian Equity ETF Portfolio,ETF,CAD,CA80928W1005
SCB,Street Capital Group Inc,Common Stock,CAD,
SCL,ShawCor Ltd.,Common Stock,CAD,CA8204391079
SCL-B,Shawcor Ltd. Cl.B Mv (SCL-B.TO,Common Stock,CAD,
SCR_old,Score Media and Gaming Inc,Common Stock,CAD,CA80919D2023
SCU,Aegis Brands Inc,Common Stock,CAD,
SCW-UN,Canso Select Opportunities Fund,FUND,CAD,
SCY,Scandium Interna,Common Stock,CAD,CA80600L1094
SDY,Strad Inc,Common Stock,CAD,
SEED,Evolve Marijuana Fund,ETF,CAD,CA30052T1003
SEN,Serinus Energy Plc,Common Stock,CAD,
SES,Secure Energy Services Inc.,Common Stock,CAD,CA81373C1023
SEV,Spectra7 Microsystems Inc,Common Stock,CAD,
SFIX,Scotia Strategic Fixed Income ETF Portfolio,ETF,CAD,CA80928X1087
SFTC,Softchoice Corp,Common Stock,CAD,
SGF,Shore Gold Inc,Common Stock,CAD,
SGLD,Sabre Gold Mines Corp,Common Stock,CAD,CA78573W1023
SGNL,Signal Gold Inc,Common Stock,CAD,CA82664T1012
SGQ,SouthGobi Resources Ltd.,Common Stock,CAD,CA8443751059
SGR-R,Slate Grocery REIT,Common Stock,CAD,
SHC,Sphere FTSE Canada Sustainable Yield Index ETF,ETF,CAD,
SHE,Sphere FTSE Europe Sustainable Yield Index ETF,ETF,CAD,
SHR,Sure Energy Inc,Common Stock,CAD,
SHS,Sophiris Bio Inc,Common Stock,CAD,CA83578Q2099
SHZ,Sphere FTSE Emerging Markets Yield Index ETF,ETF,CAD,CA84841V1085
SID,CI U.S. Trendleaders ETF,ETF,CAD,CA12558J1093
SIL,SilverCrest Metals Inc,Common Stock,CAD,CA8283631015
SIN-UN,Sciti Trust (SIN-UN.TO,Common Stock,CAD,
SINT,Scotia Strategic International Equity ETF Portfolio,ETF,CAD,CA80929A1075
SIXT,Evolve S&P/TSX 60 CleanBeta Fund,ETF,CAD,
SJR-A,Shaw Communications Inc,Common Stock,GBP,
SJR-B,Shaw Communications Inc,Common Stock,CAD,CA82028K2002
SJR-PA,Shaw Communications Inc,Preferred Stock,CAD,
SJR-PB,Shaw Communications Inc,Common Stock,CAD,
SKG-UN,Skylon Growth & Income Trust,Common Stock,CAD,
SLF-PA,Sun Life Financial Inc,Preferred Stock,CAD,
SLF-PB,Sun Life Financial Inc,Common Stock,CAD,
SLF-PI,Sun Life Financial Inc,Preferred Stock,CAD,
SMC,Sulliden Minerals SA,Common Stock,CAD,CA8651251081
SMF,SEMAFO Inc,Common Stock,CAD,CA8169221089
SMT,Sierra Metals Inc.,Common Stock,CAD,CA82639W1068
SMU-UN,Summit Industrial Income REIT,Common Stock,CAD,CA8661201167
SNC,SNC-Lavalin Group Inc.,Common Stock,CAD,CA78460T1057
SO,Softchoice Corp. (SO.TO,Common Stock,CAD,
SOC,Sonora Gold & Silver Corp,Common Stock,CAD,
SOLG,SolGold PLC,Common Stock,CAD,GB00B0WD0R35
SOP,SOPerior Fertilizer Corp,Common Stock,CAD,CA83577W1086
SOX,Stuart Olson Inc,Common Stock,CAD,CA8638341070
SOX-DBA,STUART OLSON INC 6 PCT DEBS A,FUND,CAD,
SOY,SunOpta Inc.,Common Stock,CAD,CA8676EP1086
SPAC-RT-U,Mercer Park Opportunities Corp.,Common Stock,CAD,
SPAC-U,Mercer Park Opportunities Corp Ordinary Shares - Class A (Restricted Voting,Common Stock,USD,
SPE,Spartan Energy Corp,Common Stock,CAD,CA8467856081
SPG,Spark Power Group Inc,Common Stock,CAD,CA84651C1095
SQP,Strongco Corporation,Common Stock,CAD,CA86336Y1097
SRF,Sun-Rype Products (SRF.TO,Common Stock,CAD,
SRHI,SRHI Inc,Common Stock,CAD,CA82554V1094
SRU,Starfield Resources Inc,Common Stock,CAD,
SRX,Storm Resources Ltd,Common Stock,CAD,CA86221R1029
SSF-UN,Symphony Floating Rate Senior Loan Fund,FUND,CAD,
SSL,Sandstorm Gold Ltd N,Common Stock,CAD,CA80013R2063
STB,Student Transportation Inc,Common Stock,CAD,
STCK_old,Stack Capital Grp Inc,Common Stock,CAD,
STEP,STEP Energy Services Ltd,Common Stock,CAD,CA85859H1055
STLC,Stelco Holdings Inc,Common Stock,CAD,CA8585221051
STNC,S&P/TSX North American Pref Stock Index (STNC.TO,Common Stock,CAD,
SUM,Solium Capital Inc,Common Stock,CAD,
SUSA,Scotia Strategic U.S. Equity ETF Portfolio,ETF,CAD,CA80928Y1060
SVC,Sandvine Corp,Common Stock,CAD,CA8002131008
SVX-RT-U,Subversive Acquisition LP,Common Stock,CAD,
SW,Sierra Wireless Inc.,Common Stock,CAD,CA8265161064
SWD,Sunward Resources Ltd,Common Stock,CAD,
SWH,Sunwah International Limited,Common Stock,CAD,BMG8586W1073
SWI,Swisher Hygiene Inc,Common Stock,CAD,
SWY,Stornoway Diamond Corporation,Common Stock,CAD,
SXI,Synex International Inc.,Common Stock,CAD,CA87168M1068
SZLS,StageZero Life Sciences Ltd,Common Stock,CAD,CA8525403017
TAIG,Taiga Motors Corp,Common Stock,CAD,CA87402F1071
TAO,TAG Oil Ltd,Common Stock,CAD,
TBCE,TD Target 2025 Investment Grade Bond ETF,ETF,CAD,
TBL-NT,TAIGA BUILDING PRODUCTS LTD. 1,FUND,CAD,
TBP,Tetra Bio Pharma Inc,Common Stock,CAD,CA88166Y1007
TBUE-U,TD Target 2025 U.S. Investment Grade Bond ETF,ETF,USD,
TCA,TCA,Common Stock,SGD,
TCBN,TD Global Carbon Credit Index ETF CAD Inc,ETF,CAD,CA87251J1012
TCEU,Trading Central Quant Europe 50 Equity Index ETF,ETF,CAD,
TCLB_old,TCLB,Common Stock,CAD,CA8935782034
TCN,Tricon Capital Group Inc,Common Stock,CAD,CA89612W1023
TCN-DBA,TRICON CAPITAL GROUP INC 5.60 P,FUND,CAD,
TCO,Transatlantic Mining Corp,Common Stock,CAD,
TD-PFB,Toronto Dominion Bank Pref B,Preferred Stock,CAD,CA8911456744
TD-PFC,Toronto Dominion Bank Pref C,Preferred Stock,CAD,CA8911456587
TD-PFD,Toronto Dominion Bank Pref D,Preferred Stock,CAD,CA8911456330
TD-PFE,Toronto Dominion Bank Pref E,Preferred Stock,CAD,CA8911456173
TD-PFF,TD-PFF,Common Stock,CAD,
TD-PFG,The Toronto-Dominion Bank,Common Stock,CAD,
TD-PFH,The Toronto-Dominion Bank,Common Stock,CAD,
TD-PFK,Toronto-Dominion Bank Pref Series 20,Common Stock,CAD,CA8911605902
TD-PFL,Toronto-Dominion Bank Pref Series 22,Common Stock,CAD,CA8911605746
TD-PFM,Toronto-Dominion Bank Pref Series 24,Common Stock,CAD,CA8911605415
TD-PQ,TD-PQ,Preferred Stock,CAD,
TD-PR,TD-PR,Preferred Stock,CAD,
TD-PS,TD-PS,Preferred Stock,CAD,
TD-PY,TD-PY,Preferred Stock,CAD,
TD-PZ,Toronto-Dominion Bank PREF SER Z,Preferred Stock,CAD,
TDG,Trinidad Drilling Ltd,Common Stock,CAD,
TECE,Evolve Enhanced FANGMA Index ETF CAD Hedged Units,ETF,CAD,CA30053E3005
TEI,Toscana Energy Income Corporation,Common Stock,CAD,CA89148Y1016
TEL,Tellza Inc,Common Stock,CAD,
TER,TerrAscend Corp,Common Stock,CAD,
TET,Trilogy Energy Corp,Common Stock,CAD,
TEV,Tervita Corporation,Common Stock,CAD,CA88159E1034
TGL,TransGlobe Energy Corporation,Common Stock,CAD,CA8936621066
TGOD,The Green Organic Dutchman Holdings Ltd,Common Stock,CAD,CA3932102088
TGOD-WA,TGOD-WA,Common Stock,CAD,
TGOD-WB,TGOD-WB,Common Stock,CAD,
TGZ,Teranga Gold Corporation,Common Stock,CAD,CA8807972044
TGZ-R,Teranga Gold Corporation,Common Stock,CAD,CA8807971137
TH,Theratechnologies Inc.,Common Stock,CAD,CA88338H1001
THB,THB,ETF,CAD,
THI,Tim Hortons Inc,Common Stock,CAD,
THNK,Coincapital STOXX B.R.AI.N. Index Fund ETF,ETF,CAD,CA19260T1012
THO,Tahoe Resources Inc,Common Stock,CAD,CA8738681037
TIME,TIME,Common Stock,CAD,
TIME-B,Evolve Active Short Duration Bond Fund UnHedged Units,FUND,CAD,
TIPS,BMO US TIPS Index ETF,ETF,CAD,CA05592W1288
TIPS-F,BMO US TIPS Index ETF (Hedged Units),ETF,CAD,CA05592W1106
TIPS-U,BMO US TIPS Index ETF (USD Units),ETF,USD,CA05592W1023
TIXT,TELUS International,Common Stock,CAD,CA87975H1001
TKM,Arbutus Biopharma Corp,Common Stock,CAD,CA03879J1003
TLB,TearLab Corporation,Common Stock,CAD,
TLM,Talisman Energy Inc,ETF,CAD,
TLM-PA,TLM-PA,Preferred Stock,CAD,
TLTD,MegaShort (-3X) 20+ Year US Treasury Daily Leveraged Alternative ETF,ETF,CAD,
TLTU,MegaLong (3X) 20+ Year US Treasury Daily Leveraged Alternative ETF,ETF,CAD,
TMB,Tembec Inc,Common Stock,CAD,
TMCC,TD Morningstar ESG Canada Corporate Bond Index ETF,ETF,CAD,CA87190Q1090
TMD,Titan Medical Inc,Common Stock,CAD,CA88830X8199
TMEC,TD Morningstar ESG Canada Equity Index ETF,ETF,CAD,CA87190F1036
TMEI,TD Morningstar ESG International Equity Index ETF,ETF,CAD,CA87250X1015
TMEU,TD Morningstar ESG U.S. Equity Index ETF,ETF,CAD,CA87190E1060
TMI,Gold Springs Resource Corp,Common Stock,CAD,
TMI-B,Gold Springs Resource Corp,Common Stock,CAD,
TML,Treasury Metals Inc,Common Stock,CAD,CA8946478259
TMR,TMAC Resources Inc,Common Stock,CAD,CA8725771015
TMUC,TD Morningstar ESG U.S. Corporate Bond Index ETF,ETF,CAD,CA87190R1073
TNP,TransAtlantic Petroleum Ltd,Common Stock,CAD,BMG899821133
TNX,TRX Gold Corporation,Common Stock,CAD,CA87283P1099
TOCA,TD One-Click Aggressive ETF Portfolio,ETF,CAD,CA87251D1042
TOCC,TD One-Click Conservative ETF Portfolio,ETF,CAD,CA87251H1055
TOCM,TD One-Click Moderate ETF Portfolio,ETF,CAD,CA87251M1041
TOG,TORC Oil & Gas Ltd,Common Stock,CAD,CA8908953034
TOS,TSO3 Inc,Common Stock,CAD,
TOWR,BMO Brookfield Global Real Estate Tech Fund ETF,ETF,CAD,CA05592J1012
TPAY,TD Income Builder ETF,ETF,CAD,CA87242J1030
TPH,Temple Hotels Inc,Common Stock,CAD,
TPH-DBE,TEMPLE HOTELS INC 7.25 PCT DEBS,FUND,CAD,
TPH-DBF,TEMPLE HOTELS INC 7.0 PCT DEBS,FUND,CAD,
TPK,Swiss Water Decaffeinated Coffee Inc,Common Stock,CAD,
TPL,Tethys Petroleum Limited,Common Stock,CAD,
TRIL,Trillium Therapeutics Inc,Common Stock,CAD,CA89620X5064
TRL,Trilogy International Partners Inc,Common Stock,CAD,CA89621T1084
TRP-PG,TC Energy Corp Pref Series 11,Preferred Stock,CAD,CA87807B8592
TRP-PI,TC Energy Corp Pref Series 6,Preferred Stock,CAD,CA87807B7016
TRP-PJ,TC Energy Corporation,Common Stock,CAD,
TRP-PK,TC Energy Corp Pref Series 15,Common Stock,CAD,CA87807B8188
TRQ,Turquoise Hill Resources Ltd.,Common Stock,CAD,CA9004352071
TRST,CannTrust Holdings Inc,Common Stock,CAD,CA1378002077
TRY,Troy Resources Ltd,Common Stock,CAD,
TS-B,Torstar Corporation,Common Stock,CAD,
TSGI,The Stars Group Inc,Common Stock,CAD,CA85570W1005
TST,Telesta Therapeutics Inc,Common Stock,CAD,
TTGD,TSX Global Gold Index (TTGD.TO,Common Stock,CAD,
TTNM,Titanium Transportation Group Inc.,Common Stock,CAD,
TUT-UN,Top 20 U.S. Dividend Trust,Common Stock,CAD,
TV,Trevali Mining Corporation,Common Stock,CAD,CA89531J7868
TWMJF,Canopy Growth Corp,Common Stock,CAD,
TXBE,S&P/TSX Equal Weight Global Base Metals (TXBE.TO,Common Stock,CAD,
TXBM,S&P/TSX Globalbase Metals Index (TXBM.TO,Common Stock,CAD,
TXCE,TSX Composite Weight Index (TXCE.TO,Common Stock,CAD,
TXCT,S&P/TSX Clean Technology Index (TXCT.TO,Common Stock,CAD,
TXDC,S&P/TSX Composite Dividend Index (TXDC.TO,Common Stock,CAD,
TXDE,S&P/TSX Equal Weight Diversified Banks I (TXDE.TO,Common Stock,CAD,
TXDV,S&P/TSX Cdn Div Aristocrats (TXDV.TO,Common Stock,CAD,
TXEI,S&P/TSX Equity Incme Index (TXEI.TO,Common Stock,CAD,
TXEW,S&P/TSX 60 Equal Weight Index (TXEW.TO,Common Stock,CAD,
TXGM,S&P/TSX Global Mining Index (TXGM.TO,Common Stock,CAD,
TXLV,TSX Composite Low Volatility (TXLV.TO,Common Stock,CAD,
TXOE,S&P/TSX Equal Weight Oil & Gas Index (TXOE.TO,Common Stock,CAD,
TXPR,S&P/Tsxpreferred Share Index (TXPR.TO,Common Stock,CAD,
TXSI,S&P/TSX 60 Shariah Index (TXSI.TO,Common Stock,CAD,
TXT-PA,Top 10 Split Trust Pref A,Preferred Stock,CAD,CA8905201171
TXT-UN,Top 10 Split Trust,Common Stock,CAD,
TZS,Standard Mercantile Acquisition Corp,Common Stock,CAD,CA89532C1032
TZZ,Trez Capital Mortgage Investment Corporation,Common Stock,CAD,
U,Uranium Participation Corporation,Common Stock,CAD,CA85210A1049
UDA,Caldwell U.S. Dividend Advantage Fund,ETF,CAD,CA1292472018
UEX,UEX Corporation,Common Stock,CAD,CA9026661061
UFS,Domtar Corporation,Common Stock,CAD,US2575592033
UHB,UHB,ETF,CAD,
ULV,PowerShares S&P; 500 Low Vol CAD H ETF,ETF,CAD,
UNC-PA,UNC-PA,Common Stock,CAD,
UNC-PB,UNC-PB,Common Stock,CAD,
UNC-PC,United Corporations Ltd 63 PR,Preferred Stock,CAD,
UNS,Uni-Select Inc.,Common Stock,CAD,CA90457D1006
UR,UrtheCast Corp,Common Stock,CAD,CA91731X1024
URC,Uranium Royalty Corp.,Common Stock,CAD,
URZ,Uranerz Energy Corp,Common Stock,CAD,
USB,Invesco LadderRite U.S. 0-5 Year Corporate Bond Index ETF CAD,ETF,CAD,CA46090P1080
USB-U,PowerShares LadderRite U.S. 0-5 Year Corporate Bond Index ETF,ETF,USD,
USF-UN,U.S. Financials Income Fund,ETF,CAD,
UTC-C,Utility Corp Cl C (UTC-C,Common Stock,CAD,
UTE-UN,Canadian Utilities & Telecom Income Fund,ETF,CAD,
UWE,U3O8 Corp,Common Stock,CAD,
UXM,CI First Asset Morningstar US Dividend Target 50 Index ETF (CAD Hedged) Common,ETF,CAD,CA1255001085
UXM-A,F A MORNINGSTAR US DIV TGT 50 E,ETF,CAD,
UXM-B,CI First Asset Morningstar US Dividend Target 50 Index ETF (Unhedged) Common,ETF,CAD,
VAH,Vanguard FTSE Developed Asia Pacific All Cap Index ETF (CAD-hedged),ETF,CAD,CA92204C1041
VB,VersaBank,Common Stock,CAD,CA92512J1066
VB-PA,VB-PA,Common Stock,CAD,
VB-PB,VB-PB,Common Stock,CAD,
VBG,Vanguard Global ex-U.S. Aggregate Bond Index ETF (CAD-hedged),ETF,CAD,CA92206H1010
VBU,Vanguard US Aggregate Bond CAD Hedged,ETF,CAD,CA92206G1037
VBV,VBI Vaccines Inc.,Common Stock,CAD,CA91822J1030
VEH,Vanguard FTSE Developed Europe All Cap Index ETF (CAD-hedged),ETF,CAD,CA92206Y1043
VFF,Village Farms International Inc,Common Stock,CAD,CA92707Y1088
VG,Veris Gold Corp,Common Stock,CAD,
VGAB,Vanguard Global Aggregate Bond Index ETF (CAD-hedged),ETF,CAD,CA92211F1080
VGCX,Victoria Gold Corp,Common Stock,CAD,CA92625W5072
VGQ,Virginia Mines Inc,Common Stock,CAD,
VII,Seven Generations Energy Ltd,Common Stock,CAD,CA81783Q1054
VIP-UN,Aston Hill Vip Incme Fund,FUND,CAD,
VIVO,VIVO Cannabis Inc,Common Stock,CAD,CA92845J1049
VIXC,TSX 60 VIX (VIXC.TO,Common Stock,CAD,
VLNS,Valens Groworks Corp,Common Stock,CAD,CA91914P6030
VLQ,Vanguard Global Liquidity Factor ETF CAD,ETF,CAD,CA9220321074
VMD,Viemed Healthcare Inc,Common Stock,CAD,CA92663R1055
VMH-U,VM Hotel Acquisition Corp,Common Stock,USD,
VMH-V,VM Hotel Acquisition Corp,Common Stock,USD,
VNP-DB,5N PLUS INC 5.75 PCT DEBS,FUND,CAD,
VNR,Valener Inc,Common Stock,CAD,
VNR-PA,VNR-PA,Preferred Stock,CAD,
VOYG,Voyager Digital Canada Ltd,Common Stock,CAD,CA92919V4055
VPH,Valeo Pharma Inc,Common Stock,CAD,CA91915B1085
VQS,Viq Solutions Inc,Common Stock,CAD,CA91825V4001
VRN,Veren Inc.,Common Stock,CAD,
VRNO,Verano Holdings Corp,Common Stock,CAD,CA92338D1015
VRX,Valeant Pharmaceuticals International Inc,Common Stock,CAD,
VSG,Vanguard Canadian Short-Term Government Bond Index ETF,ETF,CAD,CA92207Y1034
VSN,Veresen Inc,Common Stock,CAD,CA92340R1064
VT,Viterra Inc (VT.TO,Common Stock,CAD,
VTN,Vitran Corp Inc,Common Stock,CAD,
VTR,Volta Resources Inc,Common Stock,CAD,
VWE-U,Vintage Wine Estates Inc,Common Stock,USD,
W-PK,W-PK,Common Stock,CAD,
W-PM,Westcoast Energy Inc,Common Stock,CAD,
WBR,Waterloo Brewing Ltd,Common Stock,CAD,CA94155W1059
WCM-B,Wilmington Capital Management Inc,Common Stock,CAD,
WEQ,WEQ Holdings Inc,Common Stock,CAD,
WEQ-DB,WESTERNONE INC 6.25 PCT DEBS SE,FUND,CAD,
WFS,World Financial Split Corp,Common Stock,CAD,CA98146P3016
WFS-PA,World Financial Split Corp Pref A,Preferred Stock,CAD,CA98146P2026
WFT,West Fraser Timber Co. Ltd,Common Stock,CAD,CA9528451052
WG,Wellgreen Platinum Ltd,Common Stock,CAD,
WGR,Witwatersrand Consolidated Gold Res Ltd (WGR.TO,Common Stock,CAD,
WIR-U,WPT Industrial Real Estate Investment Trust,Common Stock,USD,
WIR-UN,WPT Industrial Real Estate Investment Trust,Common Stock,CAD,CA92937G1090
WJA,WestJet Airlines Ltd,Common Stock,CAD,
WKM,West Kirkland Mining Inc,Common Stock,GBP,
WLLW,Willow Biosciences Inc,Common Stock,CAD,CA97111B4047
WNDR,WonderFi Technologies Inc.,Common Stock,CAD,
WOMN,BMO Women In Leadership Fund Series ETF,ETF,CAD,CA05586T1075
WORK-UN,Workplace Technology Dividend Fund,FUND,CAD,
WS,Arizona Mining Inc,Common Stock,CAD,
WZL,Wenzel Downhole Tools Ltd,Common Stock,CAD,
XAL,iShares Alternatives Complt Port Builder,ETF,CAD,
XAM,Xanadu Mines Ltd,Common Stock,CAD,AU000000XAM0
XBC,Xebec Adsorption Inc,Common Stock,CAD,CA9838911027
XBZ,iShares MSCI Brazil,ETF,CAD,
XCLR,iShares ESG MSCI Canada Leaders Index ETF,ETF,CAD,CA46436V1085
XCR,iShares Conservative Core Port Builder,ETF,CAD,
XCT,exactEarth Ltd,Common Stock,CAD,CA30064C1032
XDC,Xtreme Drilling Corp,Common Stock,CAD,
XDLR,iShares ESG MSCI EAFE Leaders Index ETF,ETF,CAD,CA46437V1076
XFA,iShares MSCI Multifactor USA Index ETF (CAD-Hedged),ETF,CAD,CA46435N1078
XFC,iShares Edge MSCI Multifactor Canada,ETF,CAD,CA46435M1095
XFF,iShares FactorSelect MSCI EAFE CAD Hedged,ETF,CAD,CA46435P1027
XFI,iShares MSCI Multifactor EAFE Index ETF,ETF,CAD,CA46435L1013
XFS,iShares MSCI Multifactor USA Index ETF,ETF,CAD,CA46435R1082
XFS-U,iShares MSCI Multifactor USA Index ETF (CAD- Hedged),ETF,USD,CA46435R2072
XG,Extorre Gold Mines Ltd,Common Stock,CAD,
XGC,iShares Global Completion Port Builder,ETF,CAD,
XGR,iShares Growth Core Portfolio Builder,ETF,CAD,
XHG,Star Hedge Managers Corp II (XHG.TO,Common Stock,CAD,
XLVE,Mulvihill U.S. Health Care Enh Y ETF,ETF,CAD,CA62580M1095
XSQ,iShares Core Short Term High Quality Canadian Bond,ETF,CAD,CA46435A1057
XTOH,iShares Core S&P Total U.S. Stock Market Index ETF (CAD-Hedged),ETF,CAD,
XULR,iShares ESG MSCI USA Leaders Index ETF,ETF,CAD,CA46438N1042
XVX,XVX,ETF,CAD,
XXM,CI Morningstar US Value Index ETF (CAD Hedged) Common,ETF,CAD,CA12554J1030
XXM-B,CI Morningstar US Value Index ETF,ETF,CAD,CA12554J2020
YLO,Yellow Media Inc (YLO.TO,Common Stock,CAD,
YM,Ym Biosciences Inc,Common Stock,CAD,
YPG-DB,YPG FINANCING INC 8 PCT DEBS,Common Stock,CAD,
YRI,Yamana Gold Inc,Common Stock,CAD,CA98462Y1007
YXM,First Asset Morningstar US Momentum CAD Hedged Common,ETF,CAD,CA17161P1036
YXM-B,CI Morningstar US Momentum Index ETF,ETF,CAD,CA17161P1119
ZAR,Zargon Oil & Gas Ltd,Common Stock,CAD,CA9891333010
ZAUT,BMO MSCI Tech & Industrial Innovation Index ETF,ETF,CAD,CA05591M1059
ZBBB,BMO BBB Corporate Bond Index ETF,ETF,CAD,CA05601B1076
ZCA,Bmo Agriculture Commodities Index ETF (ZCA.TO,ETF,CAD,
ZCE,Bmo Energy Commodities Index ETF (ZCE.TO,ETF,CAD,
ZCL,ZCL Composites Inc,Common Stock,CAD,
ZCPB,BMO Core Plus Bond ETF,ETF,CAD,CA0556561029
ZEAT,BMO Global Agriculture ETF,ETF,CAD,CA05592M1041
ZEL,BMO Equity Linked Corporate Bond ETF,ETF,CAD,
ZENA,Zenabis Global Inc,Common Stock,CAD,CA98936N1024
ZEUS,BMO Shiller Select US Index ETF,ETF,CAD,CA05584H1055
ZFIN,BMO MSCI Fintech Innovation Index ETF,ETF,CAD,CA05591P1080
ZGEN,BMO MSCI Genomic Innovation Index ETF,ETF,CAD,CA05591N1033
ZGRN,BMO MSCI ACWI Paris Aligned Climate Equity Index ETF,ETF,CAD,CA05602E1007
ZGSB,BMO Global Strategic Bond ETF,ETF,CAD,CA09660D1033
ZINN,BMO MSCI Innovation Index ETF,ETF,CAD,CA05601N1015
ZINT,BMO MSCI Next Gen Internet Innovation Index ETF,ETF,CAD,CA05602D1024
ZJN,BMO Junior Gas Index ETF,ETF,CAD,CA05571X3031
ZJO,BMO Junior Oil Index ETF,ETF,CAD,CA05570F3034
ZMSB,BMO Sustainable Global Multi-Sector Bond Fund Series ETF,ETF,CAD,CA05585W1014
ZPP,Zongshen Pem Power Systems Inc(ZPP.TO,Common Stock,CAD,
ZUGE,BMO U.S. Equity Growth MFR Fund,ETF,CAD,
ZUVE,BMO U.S. Equity Value MFR Fund,ETF,CAD,
ZVI,BMO MSCI EAFE Value Index ETF,ETF,CAD,CA09661A1084
ZXM-D,First Asset Morningstar International Momentum Index ETF,ETF,CAD,
ZYME,Zymeworks Inc,Common Stock,CAD,CA98985W1023
ZZZ,Sleep Country Canada Hldg Inc,Common Stock,CAD,CA83125J1049
